title,average_rating,images,details,captioning,is_person,face_attribute,is_text,scene,object_count,dominant_color,num_images
"Howard LC0008 Leather Conditioner, 8-Ounce (4-Pack)",4.8,"https://m.media-amazon.com/images/I/41qfjSfqNyL.jpg, https://m.media-amazon.com/images/I/41w2yznfuZL.jpg","{""Package Dimensions"": ""7.1 x 5.5 x 3 inches; 2.38 Pounds"", ""UPC"": ""617390882781""}","The image shows a bottle of Howard Leather Conditioner, which is designed to restore and revive leather by penetrating, preserving, and protecting it.","No., No.","No., No.","Yes., Yes.","unsure, unsure","1, 4","Yellow, Yellow",2
"Yes to Tomatoes Detoxifying Charcoal Cleanser (Pack of 2) with Charcoal Powder, Tomato Fruit Extract, and Gingko Biloba Leaf Extract, 5 fl. oz.",4.5,"https://m.media-amazon.com/images/I/41b+11d5igL.jpg, https://m.media-amazon.com/images/I/41j2ocUzCtL.jpg","{""Item Form"": ""Powder"", ""Skin Type"": ""Acne Prone"", ""Brand"": ""Yes To"", ""Age Range (Description)"": ""Adult"", ""Unit Count"": ""10 Fl Oz"", ""Is Discontinued By Manufacturer"": ""No"", ""Item model number"": ""SG_B076WQZGPM_US"", ""UPC"": ""653801351125"", ""Manufacturer"": ""Yes to Tomatoes""}","The image shows a bottle of Yes to Tomatoes Clear Skin Detoxifying Charcoal Cleanser, which is designed for acne-prone skin and contains salicy","No., No.","No., No.","Yes., Yes.","unsure, indoor","1, 1","Red, Red",2
Eye Patch Black Adult with Tie Band (6 Per Pack),4.4,"https://m.media-amazon.com/images/I/31bz+uqzWCL.jpg, https://m.media-amazon.com/images/I/31bz+uqzWCL.jpg","{""Manufacturer"": ""Levine Health Products""}","The image shows a black eye mask with an adjustable strap, designed for covering the eyes during sleep or relaxation.","No., No.","No., No.","No, No.","indoor, indoor","1, 1","Black, Black",2
"Tattoo Eyebrow Stickers, Waterproof Eyebrow, 4D Imitation Eyebrow Tattoos, 4D Hair-like Authentic Eyebrows Waterproof Long Lasting for Woman & Man Makeup Tool",3.1,"https://m.media-amazon.com/images/I/515iwxdKS1L.jpg, https://m.media-amazon.com/images/I/51ALSVnGDML.jpg, https://m.media-amazon.com/images/I/51GvPall-ML.jpg, https://m.media-amazon.com/images/I/51JFEUql-KL.jpg, https://m.media-amazon.com/images/I/414rIT4vNAL.jpg, https://m.media-amazon.com/images/I/41JVLUdtYaL.jpg, https://m.media-amazon.com/images/I/51Vxn6nVrVL.jpg","{""Brand"": ""Cherioll"", ""Item Form"": ""Powder"", ""Finish Type"": ""Natural"", ""Product Benefits"": ""Long Lasting"", ""Skin Type"": ""All"", ""Package Dimensions"": ""8.43 x 5.91 x 0.87 inches; 8.78 Ounces"", ""Item model number"": ""eyebrow sticker001""}","The image shows a product packaging for Cherroll 4D Hair-Like Authentic Eyebrow Stickers, which includes a tattoo makeup remover, three packs of","No., Yes., Yes., Yes., Yes., No., Yes.","Yes., Yes., Yes., Yes., Yes., Yes., Yes.","Yes., Yes., Yes., Yes., Yes., Yes., Yes.","indoor, indoor, indoor, indoor, indoor, Unsure, indoor","5, 1, 1, 1, 0, 3, 1","White, White, White, White, Skin tone, White, White",7
Precision Plunger Bars for Cartridge Grips – 93mm – Bag of 10 Plungers,4.3,https://m.media-amazon.com/images/I/31TgqAZ8kQL.jpg,"{""UPC"": ""644287689178""}","The image shows three metal skewers with eyelets at the top and pointed tips at the bottom, likely used for cooking or serving food.",No.,No.,No.,unsure,3,Silver,1
Lurrose 100Pcs Full Cover Fake Toenails Artificial Transparent Nail Tips Nail Art for DIY,3.7,"https://m.media-amazon.com/images/I/31dlCd7tHSL.jpg, https://m.media-amazon.com/images/I/31sLajrdHOL.jpg, https://m.media-amazon.com/images/I/31LG1yvB0hL.jpg, https://m.media-amazon.com/images/I/41q5YGRiRuL.jpg, https://m.media-amazon.com/images/I/31FY+Q1zxjL.jpg, https://m.media-amazon.com/images/I/41TVchNHu7L.jpg, https://m.media-amazon.com/images/I/41tjcF6Ic1L.jpg, https://m.media-amazon.com/images/I/41xSsQx5uVL.jpg, https://m.media-amazon.com/images/I/41dmyUCN+tL.jpg","{""Color"": ""As Shown"", ""Size"": ""Large"", ""Material"": ""Acrylonitrile Butadiene Styrene (ABS)"", ""Brand"": ""Lurrose"", ""Style"": ""French"", ""Product Dimensions"": ""5.63 x 2.83 x 0.39 inches; 1.9 Ounces"", ""UPC"": ""799768026253"", ""Manufacturer"": ""Lurrose""}","The image shows a set of clear, transparent nail tips arranged in two rows, with larger sizes on the top and smaller sizes on the bottom.","No., No., No., No., No., No., No., No., No.","No., No., No., No., No., No., No., No., No.","No., Yes., No., Yes., No., No., No, No, No","unsure, indoor, indoor, indoor, indoor, indoor, indoor, Indoor, Unsure","10, 100, 10, 12, 6, 12, 1, 10, 10","Clear, Clear, Clear, Silver, Blue, Clear, Clear, Clear, Pink",9
Stain Bonnet For Baby Bonnet Silk Sleep Cap For Toddler Child Shower Cap Teens Kids,4.1,"https://m.media-amazon.com/images/I/51s4A5hDsPL.jpg, https://m.media-amazon.com/images/I/51mGQ66k8mS.jpg, https://m.media-amazon.com/images/I/5122qYD4KNL.jpg, https://m.media-amazon.com/images/I/61gq01uu39L.jpg, https://m.media-amazon.com/images/I/61tR+Q7HguL.jpg","{""Brand"": ""Edoneery"", ""Material"": ""Silk"", ""Number of Items"": ""1"", ""Size"": ""1 Count (Pack of 1)"", ""Inner Material"": ""100 Silk"", ""Package Dimensions"": ""10 x 5.79 x 0.75 inches; 0.63 Ounces""}","The image shows a baby wearing a pink bonnet adorned with colorful cartoon prints, including whales and other sea creatures.","Yes., No., No., No., No.","Yes., No., No, No, No","No, Yes., Yes., No, No","Indoor, Indoor, Indoor, Indoor, Indoor","1, 1, 1, 1, 1","Pink, Pink, Pink, Pink, Pink",5
50 Pieces False Eyelash Packaging Box Empty Eyelash Box Plastic Eyelash Storage Case with Glitter Paper and Clear Tray for Women Girls Eyelash (Holographic),3.8,"https://m.media-amazon.com/images/I/51SweLNm8bL.jpg, https://m.media-amazon.com/images/I/51s9ZONkn9L.jpg, https://m.media-amazon.com/images/I/51YfvGFCm9L.jpg, https://m.media-amazon.com/images/I/5155jtJZ1hL.jpg, https://m.media-amazon.com/images/I/511a4-2AxcL.jpg, https://m.media-amazon.com/images/I/51ZL+Kl4lhL.jpg, https://m.media-amazon.com/images/I/51ziOBMfK+L.jpg","{""Package Dimensions"": ""14.49 x 11.26 x 2.36 inches; 2.65 Pounds""}","The image shows multiple stacks of clear plastic cases with holographic labels, each containing pairs of false eyelashes.","No., No., No., Yes., Yes., Yes., Yes.","No., No., No., Yes., Yes., Yes., Yes.","No., Yes., No, No, No, No, No","indoor, indoor, indoor, Indoor, Indoor, Indoor, Indoor","20, 50, 5, 2, 2, 2, 5","Clear, Pink, Pink, Blue, Pink, Pink, Yellow",7
Gold extatic Musk EDT 90ml,3.7,https://m.media-amazon.com/images/I/51AhKg3vsyL.jpg,"{""Brand"": ""Balmain"", ""Item Form"": ""Spray"", ""Item Volume"": ""90 Milliliters"", ""Age Range (Description)"": ""Adult"", ""Style"": ""Modern"", ""Is Discontinued By Manufacturer"": ""No"", ""Product Dimensions"": ""2.76 x 5.79 x 2.76 inches; 13.33 Ounces"", ""Item model number"": ""BA008A01"", ""Manufacturer"": ""Balmain""}","The image showcases the ""Extatic Gold Musk"" perfume by Balmain Paris, featuring a sleek white bottle with gold accents and a matching box with a shimmering",No.,No.,Yes.,indoor,2,White,1
"4 Pieces Satin Bonnet Adjustable Sleep Cap Double Layer Printed Hair Bonnet Large Reversible Sleeping Silk Night Hair Cap for Women Natural Curly Hair (Floral, Flamingo, Flower)",4.3,"https://m.media-amazon.com/images/I/61an2j0EYJL.jpg, https://m.media-amazon.com/images/I/51bnYP7Y8bL.jpg, https://m.media-amazon.com/images/I/610hciyDWdL.jpg, https://m.media-amazon.com/images/I/51tqK59dlCL.jpg, https://m.media-amazon.com/images/I/51oiNU4MnNL.jpg, https://m.media-amazon.com/images/I/51fk5BtRMpL.jpg, https://m.media-amazon.com/images/I/51jZ9-Xe97L.jpg","{""Package Dimensions"": ""12.49 x 9.97 x 1.46 inches; 7.51 Ounces""}","The image shows four satin-lined shower caps with floral patterns, each featuring a black strap for securing them on the head.","No., No., No., No., No., Yes., Yes.","No., No., No., No., No, Yes., Yes.","No., Yes., Yes., Yes., Yes., Yes., Yes.","Indoor, Indoor, Indoor, indoor, Indoor, indoor, indoor","4, 4, 4, 1, 1, 4, 1","Red, Black, Red, Black, Black, White, Red",7
Avon Big & False Lash Mascara - Brown/Black by Big & False Lash,4.0,https://m.media-amazon.com/images/I/41XPJfAY9ZL.jpg,"{""Color"": ""black"", ""Brand"": ""AVON"", ""Item Volume"": ""10 Milliliters"", ""Package Information"": ""Tube"", ""Package Type"": ""Tube"", ""Is Discontinued By Manufacturer"": ""No"", ""Package Dimensions"": ""4.9 x 1 x 1 inches; 0.71 Ounces"", ""UPC"": ""888761028828""}","The image shows a black mascara tube with a pink and white label, lying on its side against a white background.",No.,No.,Yes.,indoor,1,Black,1
"Stainless Steel Beard Comb, Portable Fashionable Engraving Design Mustache Hair Comb for Beard Trimming Styling and Shaping",4.1,https://m.media-amazon.com/images/I/41snA9UcqLL.jpg,"{""Material"": ""Metal"", ""Brand"": ""Brrnoo"", ""Hair Type"": ""All"", ""Unit Count"": ""1.00 Count"", ""Is Discontinued By Manufacturer"": ""No"", ""Product Dimensions"": ""0.39 x 0.39 x 0.39 inches; 2.12 Ounces"", ""UPC"": ""798382032183""}","The image shows a white geometric-patterned scissor holder with a black foam insert, placed in front of its cardboard packaging box.",No.,No.,Yes.,indoor,2,White,1
Brand New Headrang Face line Contour V-line Machine,3.3,"https://m.media-amazon.com/images/I/41OCbJEdwrL.jpg, https://m.media-amazon.com/images/I/41T4UVwhLOL.jpg, https://m.media-amazon.com/images/I/51kW8j91xXL.jpg, https://m.media-amazon.com/images/I/51YWUewZCHL.jpg, https://m.media-amazon.com/images/I/517xW1xOKaL.jpg, https://m.media-amazon.com/images/I/51YdZqdc6CL.jpg","{""Is Discontinued By Manufacturer"": ""No"", ""Package Dimensions"": ""11.93 x 10.98 x 3.15 inches; 1.28 Pounds"", ""UPC"": ""766166313001""}","The image shows a pair of black over-ear headphones with a sleek design and a logo that reads ""HODranoW"" on the side.","No., Yes., Yes., Yes., Yes., No.","No, Yes., Yes., Yes., Yes., No.","Yes., Yes., Yes., Yes., Yes., Yes.","indoor, Indoor, Indoor, Indoor, Indoor, Indoor","1, 1, 1, 1, 4, 6","Black, Black, Black, White, White, Black",6
"Loose Powder, 1.5oz Bottle Loose Face Powder, Translucent Tone Loose Face Powder, for Setting Makeup or as Foundation, Lightweight, Long Lasting",4.2,"https://m.media-amazon.com/images/I/41vzqnEKs1L.jpg, https://m.media-amazon.com/images/I/41gKzFVD7ZL.jpg, https://m.media-amazon.com/images/I/41mXJozh4KL.jpg, https://m.media-amazon.com/images/I/41KuaXYJCQL.jpg, https://m.media-amazon.com/images/I/41cOdxvlKxL.jpg, https://m.media-amazon.com/images/I/51nw1siq3LL.jpg, https://m.media-amazon.com/images/I/41Fivw+n9jL.jpg, https://m.media-amazon.com/images/I/41yURjCmWlL.jpg, https://m.media-amazon.com/images/I/41SbZAcDipL.jpg",{},"The image shows a container of Ben Nye Luxury Powder in the Banana scent, with a net weight of 1.5 oz (42 gm).","No., No., No., No., No., No., No., No., No.","No., No., No., No., No., No., No., No., No.","Yes., No., Yes., Yes., Yes., No., No, Yes., Yes.","unsure, indoor, indoor, indoor, indoor, indoor, indoor, unsure, indoor","1, 1, 2, 1, 2, 1, 1, 1, 1","Beige, Beige, Beige, Beige, Beige, Beige, Yellow, White, White",9
Small MONEY CLIP Leather Wallet ID Bag Cash Holder Credit Card Cover Case Pouch,3.0,https://m.media-amazon.com/images/I/41gK+K5o57L.jpg,"{""Department"": ""Mens"", ""UPC"": ""520661393605 702647481517"", ""Manufacturer"": ""buytra""}","The image shows two slim, rectangular cases with contrasting colored edges; one has an orange edge and the other a green edge, both featuring a textured surface and visible",No.,No.,No.,indoor,2,Black,1
Nomade By Chloe,4.2,https://m.media-amazon.com/images/I/31s8ho6gx-L.jpg,"{""Brand"": ""Chloe"", ""Item Volume"": ""100 Milliliters"", ""Age Range (Description)"": ""Adult"", ""Style"": ""Modern"", ""Item Weight"": ""0.2 Kilograms"", ""Product Dimensions"": ""4.72 x 5.12 x 4.33 inches; 7.05 Ounces"", ""Item model number"": ""BF-3614228956567_Vendor""}","The image shows a perfume gift set featuring the ""Nomade"" fragrance by Chloe, including a large bottle and two smaller bottles, all presented in an elegant box",No.,No.,Yes.,unsure,4,Beige,1
"BioMiracle StarDust Pixie Bubble Mask, Clarifying Foaming Face Mask with Green Tea and Apple, Carbonated Bubble Cupro Sheet Mask for Clear, Even Skin",4.4,"https://m.media-amazon.com/images/I/517i6trcbpS.jpg, https://m.media-amazon.com/images/I/41UrX9ypx1S.jpg, https://m.media-amazon.com/images/I/51+ZybuR3sS.jpg, https://m.media-amazon.com/images/I/51Zx-56tzCS.jpg, https://m.media-amazon.com/images/I/51MJW+ULbhS.jpg","{""Brand"": ""BioMiracle"", ""Item Form"": ""Sheet"", ""Product Benefits"": ""Hydrating"", ""Scent"": ""Apple"", ""Skin Type"": ""All"", ""Product Dimensions"": ""1.97 x 0.79 x 5.51 inches; 0.88 Ounces"", ""Item model number"": ""MIRA50"", ""UPC"": ""810004100619"", ""Manufacturer"": ""MJM Sourcing, LLC""}","The image shows a green-themed facial mask package labeled ""Star Dust Pixie Bubble Mask Treatment"" with ingredients like green tea and apple for moisturizing and improving skin","No., No., No., No., No.","Yes., No., No, Yes., No.","Yes., Yes., Yes., Yes., Yes.","Unsure, indoor, Indoor, Unsure, Unsure","1, 1, 10, 1, 5","Green, Green, Pink, Green, Blue",5
PPY Eyelash Growth Serum – Natural Ingredients – Advanced Growth Formula – Strengthening Effect – Nourished and Moisturized Lashes (White Pack),3.9,"https://m.media-amazon.com/images/I/41yq3nUn6EL.jpg, https://m.media-amazon.com/images/I/51SGg7l2S4L.jpg, https://m.media-amazon.com/images/I/41t5-RO8F0L.jpg, https://m.media-amazon.com/images/I/412svaaj2GL.jpg, https://m.media-amazon.com/images/I/51hzxF+FEwL.jpg, https://m.media-amazon.com/images/I/51yGSQO1M+L.jpg, https://m.media-amazon.com/images/I/51pRl5qV0WL.jpg, https://m.media-amazon.com/images/I/513noPCtHzL.jpg, https://m.media-amazon.com/images/I/516VS8z2bCL.jpg","{""Use for"": ""Face"", ""Scent"": ""Aloe"", ""Brand"": ""PPY"", ""Material Feature"": ""Natural"", ""Package Dimensions"": ""4.45 x 1.14 x 0.91 inches; 1.06 Ounces"", ""UPC"": ""785197223554""}","The image shows a tube of eyelash growth serum with a white box and a black applicator tip, designed to enhance the beauty of eyelashes.","No., Yes., No., Yes., No., No., Yes., Yes., No.","No., Yes., No., Yes., No., No., Yes., Yes., Yes.","Yes., Yes., Yes., Yes., Yes., Yes., Yes., Yes., Yes.","indoor, Beauty, beauty, beauty, indoor, beauty, beauty, beauty, beauty","2, 2, 3, 3, 1, 2, 1, 1, 0","White, White, Pink, Pink, White, Pink, White, Blue, White",9
"Dingxiu (5Packs,24"") Two Tone Jumbo Braid Ombre Braiding Hair Extensions Afro Box Braids Crochet Hair Synthetic Fiber Hair 100g/pack(24 Inch, 1B)",3.6,"https://m.media-amazon.com/images/I/61rsgiGKvGL.jpg, https://m.media-amazon.com/images/I/51k1YXdFAjL.jpg, https://m.media-amazon.com/images/I/511jrbyCkUL.jpg, https://m.media-amazon.com/images/I/41P4j5uaXJL.jpg, https://m.media-amazon.com/images/I/41PIiNQiCJL.jpg, https://m.media-amazon.com/images/I/41cClG5I3jL.jpg, https://m.media-amazon.com/images/I/41XeQe6olnL.jpg, https://m.media-amazon.com/images/I/418hLk7MKkL.jpg","{""Is Discontinued By Manufacturer"": ""No"", ""Package Dimensions"": ""13.2 x 4.8 x 4.1 inches; 1.1 Pounds"", ""UPC"": ""712492909005""}","The image shows a person with long, dark braided hair on the left and three bundles of black synthetic hair extensions on the right.","Yes., No., No., No., No., No., No., No.","Yes., No., No., No, No, No, No, No","No, Yes., Yes., Yes., Yes., Yes., Yes., Yes.","indoor, unsure, unsure, unsure, unsure, unsure, unsure, unsure","3, 6, 3, 1, 10, 1, 1, 1","Black, Black, Black, Black, White, Black, Black, Black",8
"Nadula Hair 10A Brazilian Body Wave U Part Human Hair Wigs For Black Women, 100% Unprocessed Virgin Body Wave Half U Shape Wig Middle Part Upart Remy Hair Wigs 150% Density Natural Color (18inch)",3.6,"https://m.media-amazon.com/images/I/51FlJM3O4QL.jpg, https://m.media-amazon.com/images/I/51yYfERDLOL.jpg, https://m.media-amazon.com/images/I/51XZMOgBHLL.jpg, https://m.media-amazon.com/images/I/51YOvU07fpL.jpg, https://m.media-amazon.com/images/I/51FG4cyuAsL.jpg, https://m.media-amazon.com/images/I/51nj0NQQumL.jpg, https://m.media-amazon.com/images/I/51y+nhtcNZL.jpg","{""Material"": ""Human Hair"", ""Hair Type"": ""Curly, Coily"", ""Brand"": ""Nadula"", ""Age Range (Description)"": ""Adult"", ""Style"": ""Modern"", ""Is Discontinued By Manufacturer"": ""No"", ""Package Dimensions"": ""10.63 x 6.97 x 3.11 inches; 11.57 Ounces""}","The image shows a person with long, wavy black hair styled in loose waves, alongside a mannequin head displaying the same hairstyle.","Yes., Yes., No., Yes., No., Yes., Yes.","Yes., Yes., No., Yes., No., Yes., Yes.","No, No, No, Yes., Yes., Yes., Yes.","indoor, indoor, indoor, Unsure, Indoor, Indoor, indoor","2, 3, 1, 1, 3, 1, 5","Black, Black, Black, Black, Black, Black, Black",7
"2PC rainbow cloud bath bombs,Float on Water&Release Vivid Rainbow Color, Moisturize Dry Skin for women,Kids gift",3.3,"https://m.media-amazon.com/images/I/41pS+Im242L.jpg, https://m.media-amazon.com/images/I/51-ngcBQBlL.jpg, https://m.media-amazon.com/images/I/51t5wTDa+6L.jpg, https://m.media-amazon.com/images/I/61FcNky0YgL.jpg, https://m.media-amazon.com/images/I/31JR76zr2rL.jpg, https://m.media-amazon.com/images/I/41oCVGMWGoL.jpg","{""Package Dimensions"": ""9.65 x 3.39 x 1.5 inches; 7.8 Ounces""}","The image shows two colorful rainbow-colored items with white ghost-shaped decorations on top, accompanied by the text ""2PCS"" indicating that there are two of these items","No., No., Yes., No., No., Yes.","No., No., No., No., No., No.","Yes., Yes., No., No, No, No","Indoor, bathroom, Indoor, bathroom, Indoor, indoor","2, 1, 1, 1, 10, 1","Rainbow, Rainbow, White, Pink, White, White",6
Wixar Natural Sea Moss Soap - (2 PACK) - Lavender & Honey - Wildcrafted Irish Sea Moss - Cold Process Bar Soap - Scented With Premium Essential Oils - For Men and Women - Face & Body,4.4,"https://m.media-amazon.com/images/I/51KtL0LgYJL.jpg, https://m.media-amazon.com/images/I/51Q36aIyV4L.jpg, https://m.media-amazon.com/images/I/51G0VahsLrL.jpg, https://m.media-amazon.com/images/I/51iNE9EK9kL.jpg, https://m.media-amazon.com/images/I/41a8msFBdTL.jpg, https://m.media-amazon.com/images/I/41Ef5JcttGL.jpg, https://m.media-amazon.com/images/I/418vVrYdbCL.jpg","{""Item Form"": ""Bar"", ""Skin Type"": ""Oily,Sensitive,All Skin Types"", ""Brand"": ""WIXAR NATURALS"", ""Scent"": ""Lavender"", ""Material Feature"": ""Natural"", ""Package Dimensions"": ""4.21 x 2.52 x 1.89 inches; 7.05 Ounces"", ""UPC"": ""618149310265""}","The image shows a box of Wixar Naturals Gold Sea Moss Soap, which is described as a 100% natural beauty bar containing lavender and","No., No., No., No., No., Yes., Yes.","No., No, No, No, No., Yes., Yes.","Yes., Yes., Yes., Yes., Yes., Yes., Yes.","unsure, indoor, indoor, Indoor, Indoor, indoor, indoor","1, 2, 3, 2, 2, 2, 2","Green, Green, Green, White, Pink, White, White",7
"VIROCHEMISTRY Pheromones For Women (Elixir) - Elegant, Ultra Strength Organic Fragrance Body Perfume (1 Fl. Oz)",3.7,"https://m.media-amazon.com/images/I/41VRPR-NJzS.jpg, https://m.media-amazon.com/images/I/41zF24M39RL.jpg, https://m.media-amazon.com/images/I/61c5uieu0ML.jpg, https://m.media-amazon.com/images/I/511yO0QKRML.jpg, https://m.media-amazon.com/images/I/41tlCjP3JyL.jpg, https://m.media-amazon.com/images/I/51vkdDTnzxL.jpg, https://m.media-amazon.com/images/I/41IhQtoKzNL.jpg","{""Brand"": ""VIROCHEMISTRY"", ""Item Form"": ""Liquid"", ""Item Volume"": ""1 Fluid Ounces"", ""Age Range (Description)"": ""Adult"", ""Style"": ""Modern"", ""Package Dimensions"": ""4.33 x 1.42 x 1.34 inches; 3.21 Ounces"", ""UPC"": ""703230998214"", ""Manufacturer"": ""VIROCHEMISTRY""}","The image shows a bottle of ""Pheromone Perfume"" labeled ""Elixir for Her"" by Virochemistry, with a net weight of","No., No., No., No., Yes., No., No.","No., No., No., No., Yes., No., No.","Yes., Yes., Yes., Yes., Yes., Yes., Yes.","unsure, indoor, indoor, Indoor, indoor, Indoor, unsure","1, 1, 0, 1, 1, 8, 1","Purple, Purple, White, Black, White, Black, Purple",7
"VeSunny 20"" Clip in Hair Extensions Balayage Color #2 Dark Brown Fading to #6 Brown Highlights #18A Ash Blonde Balayage Clip in Double Weft Hair Extensions Real Human Hair 7Pcs 120G",3.0,"https://m.media-amazon.com/images/I/51euogiTCZL.jpg, https://m.media-amazon.com/images/I/51ne6tc6GML.jpg, https://m.media-amazon.com/images/I/41ztopFUjSL.jpg, https://m.media-amazon.com/images/I/41EyHzpgEcL.jpg, https://m.media-amazon.com/images/I/416o9lgUJHL.jpg, https://m.media-amazon.com/images/I/410jpeqoPXL.jpg, https://m.media-amazon.com/images/I/41QvQ9aFiZL.jpg","{""Brand"": ""Ve Sunny"", ""Material"": ""Human Hair"", ""Hair Type"": ""Straight"", ""Installation Type"": ""Clip"", ""Is Discontinued By Manufacturer"": ""No"", ""Product Dimensions"": ""20 x 1 x 1 inches; 4.16 Ounces"", ""UPC"": ""799577980005""}","The image shows a person with long, wavy hair featuring an ombre effect transitioning from dark brown at the roots to lighter blonde at the ends, complement","Yes., No., No., No., No., No., No.","Yes., No., No., No., No., No., No.","No, Yes., No, No, No., No, No","indoor, Unsure, unsure, indoor, unsure, unsure, indoor","2, 1, 1, 1, 1, 1, 1","Brown, Black, Brown, Brown, Brown, Brown, Black",7
TOODOO 8 Sets Mermaid Face Gems Glitter Sticker Rhinestone Bindis Crystal Face Tattoo Forehead Decorations for Women Favors (Delicate Pattern),4.1,"https://m.media-amazon.com/images/I/51mmJACVheL.jpg, https://m.media-amazon.com/images/I/51iQ-vjmubL.jpg, https://m.media-amazon.com/images/I/518mhHzKmvL.jpg, https://m.media-amazon.com/images/I/51aqzEOozFL.jpg, https://m.media-amazon.com/images/I/619Ii-XTFML.jpg, https://m.media-amazon.com/images/I/51V2049fbLL.jpg, https://m.media-amazon.com/images/I/51IYP5BBYPL.jpg","{""Brand"": ""TOODOO"", ""Water Resistance Level"": ""Water Resistant"", ""Pattern"": ""Delicate Pattern"", ""Number of Pieces"": ""8"", ""Age Range (Description)"": ""Adult"", ""Is Discontinued By Manufacturer"": ""No"", ""Package Dimensions"": ""9.96 x 6.81 x 1.22 inches; 3.36 Ounces"", ""UPC"": ""710560338191"", ""Manufacturer"": ""TOODOO""}","The image showcases a variety of intricate rhinestone face stickers with colorful gem designs, each featuring a unique arrangement of jewels and crystals, suitable for festive or artistic","Yes., No., No., No., Yes., Yes., No.","Yes., No., No., No., Yes., Yes., No.","No, No, No, No, No, No, No","Unsure, indoor, unsure, unsure, indoor, indoor, indoor","6, 8, 6, 6, 1, 1, 6","White, White, Blue, White, Blonde, Brown, White",7
"muaowig Red Human Hair Bundles Body Wave Brazilian Remy Hair 3 Bundles Tow Tone Ombre Hair Bundle Red Hair Weave Dark Roots To Red Hair 3 Bundle 10 12 14 inch, 10.5822 Ounce",3.0,"https://m.media-amazon.com/images/I/51PNpygpd+L.jpg, https://m.media-amazon.com/images/I/41-7jr3o5KL.jpg, https://m.media-amazon.com/images/I/51b9WmY0ksL.jpg, https://m.media-amazon.com/images/I/518CDLBB+8L.jpg, https://m.media-amazon.com/images/I/51suAdtMCrL.jpg, https://m.media-amazon.com/images/I/41rwc+F+vaL.jpg, https://m.media-amazon.com/images/I/41-9-fDL0eL.jpg, https://m.media-amazon.com/images/I/512Qn66ZA+L.jpg","{""Brand"": ""muaowig"", ""Material"": ""Human Hair"", ""Extension Length"": ""14 Inches"", ""Hair Type"": ""Straight"", ""Material Feature"": ""Natural"", ""UPC"": ""768645790365""}","The image shows a person with long, wavy red hair and a set of three bundles of black-to-red ombre hair extensions.","Yes., No., No., No., No., No., Yes., No.","Yes., No, No., No., No, No, No, No","No, No, No, Yes., Yes., No, No, Yes.","indoor, unsure, unsure, Unsure, Unsure, unsure, indoor, Unsure","2, 1, 3, 1, 1, 3, 3, 1","Red, Red, Red, Red, Red, Red, Red, Red",8
10 PCS Professional Hair Cutting Scissors 6.7inch Barber Thinning Scissors Hairdressing Shears Japanese Hair Cutting Shears Set with Cape Clips Comb for Barber Salon and Home 9010 Pink,4.3,"https://m.media-amazon.com/images/I/41rJd4gyzsL.jpg, https://m.media-amazon.com/images/I/515qBtBiOlL.jpg, https://m.media-amazon.com/images/I/51WNwL7VmSL.jpg, https://m.media-amazon.com/images/I/51uMkhZQ8UL.jpg, https://m.media-amazon.com/images/I/51liw+Ht6RL.jpg, https://m.media-amazon.com/images/I/51WjWk+n3cL.jpg","{""Color"": ""Pink"", ""Material"": ""Rubber"", ""Brand"": ""Astraet"", ""Blade Material"": ""Stainless Steel"", ""Blade Edge"": ""Straight"", ""Package Dimensions"": ""9 x 6 x 2 inches; 9.59 Ounces"", ""Item model number"": ""HC9010"", ""Manufacturer"": ""Acgocea""}","The image shows a professional hairdressing kit including two pairs of scissors, a comb set, a black cape, and a black carrying case.","No., No., No., Yes., Yes., Yes.","No., No., No., No., No., No.","No., Yes., Yes., Yes., Yes., No","indoor, indoor, indoor, indoor, indoor, indoor","8, 1, 7, 1, 1, 2","Pink, Silver, Black, Brown, Brown, Brown",6
"Nail File, 12 Pcs Nail Files and Buffers 7 Steps Washable Emery Boards for Nails Professional Manicure Tools, Makeup Essential",3.9,"https://m.media-amazon.com/images/I/51FkRyhgiQL.jpg, https://m.media-amazon.com/images/I/41kKFRPT+PL.jpg, https://m.media-amazon.com/images/I/41-bkKKK2mL.jpg, https://m.media-amazon.com/images/I/51pILkobBgL.jpg, https://m.media-amazon.com/images/I/516C5EcECHL.jpg, https://m.media-amazon.com/images/I/415IBtpvnxL.jpg, https://m.media-amazon.com/images/I/41GX-FXvNSL.jpg","{""Material"": ""Emery"", ""Brand"": ""ELBT"", ""Unit Count"": ""12.00 Count"", ""Product Dimensions"": ""6.83 x 0.78 x 0.62 inches; 11.99 Ounces"", ""UPC"": ""782901657087""}","The image shows a set of nail files with alternating blue and purple grits, designed for shaping and smoothing nails.","No., No., No., Yes., No., Yes., Yes.","No., No., No., No., No., No., No.","Yes., Yes., Yes., Yes., Yes., Yes., No","indoor, indoor, indoor, indoor, indoor, indoor, indoor","10, 1, 3, 4, 1, 3, 0","Blue, Blue, Blue, Pink, Brown, Purple, White",7
"7 Packs Deep Wave Crochet Hair 22 Inch Deep wave Twist Crochet Braid Low Tempreture Kanekalon Synthetic Hair Extensions (22""7Packs,1b)",3.4,"https://m.media-amazon.com/images/I/51XC4vQ3bgL.jpg, https://m.media-amazon.com/images/I/61SWI5+pYRL.jpg, https://m.media-amazon.com/images/I/51gbK8cPcaL.jpg, https://m.media-amazon.com/images/I/51xbm2X6ZjL.jpg, https://m.media-amazon.com/images/I/41-+Q8OG3pL.jpg, https://m.media-amazon.com/images/I/51Qxq3xJSFL.jpg, https://m.media-amazon.com/images/I/51IEEprF41L.jpg","{""Brand"": ""Yun Mei Hair"", ""Material"": ""Synthetic"", ""Extension Length"": ""22 Inches"", ""Hair Type"": ""Wavy"", ""Material Feature"": ""Natural"", ""Package Dimensions"": ""17.76 x 7.87 x 2.17 inches; 1.02 Pounds"", ""UPC"": ""711221192763""}","The image shows a person wearing a yellow top and denim shorts, with long, curly black hair that is styled in loose waves.","Yes., No., No., No., No., Yes., Yes.","Yes., No., No., No., No., No., Yes.","No, Yes., Yes., Yes., No, No, Yes.","indoor, unsure, Unsure, Unsure, unsure, indoor, indoor","2, 7, 1, 2, 1, 2, 5","Black, Black, Black, Black, Black, Black, Black",7
"Garnier Fructis Color Sealer, Instant, Lightweight Leave-In, Color Shield, For Color-Treated Hair, 6 oz.",4.4,"https://m.media-amazon.com/images/I/41KkJee14KL.jpg, https://m.media-amazon.com/images/I/41evoO2vSuL.jpg, https://m.media-amazon.com/images/I/31pCrhhezML.jpg","{""Is Discontinued By Manufacturer"": ""No"", ""Product Dimensions"": ""1.35 x 2.39 x 6.63 inches; 7 Ounces"", ""Item model number"": ""K0814201"", ""UPC"": ""603084230662"", ""Manufacturer"": ""Garnier LLC""}","The image shows a bottle of Garnier Fructis Color Shield Color Sealer, a lightweight leave-in product designed for color-treated hair, with a red and","No., No., No.","No., No., No.","Yes., Yes., Yes.","unsure, indoor, unsure","1, 1, 1","Red, Red, Red",3
"BEWAVE Hair Brush Sponge Twist With Comb Hair Styling System Wave Barber Tool For Dreads Afro Locs Twist Curl Coil, 1 Pc",4.2,"https://m.media-amazon.com/images/I/514LS7k4M6L.jpg, https://m.media-amazon.com/images/I/51p-mURWV8L.jpg, https://m.media-amazon.com/images/I/51QJX8AELwL.jpg, https://m.media-amazon.com/images/I/41QuDY+0fjL.jpg, https://m.media-amazon.com/images/I/518g05cm2sL.jpg, https://m.media-amazon.com/images/I/51u2vI6khYL.jpg","{""Brand"": ""BEWAVE"", ""Shape"": ""Oblong"", ""Unit Count"": ""1.00 Count"", ""Hair Type"": ""Curly"", ""Is Discontinued By Manufacturer"": ""No"", ""Product Dimensions"": ""7.48 x 4.56 x 2.36 inches; 0.81 Ounces"", ""UPC"": ""606412981854""}","The image shows a black and red hair styling tool labeled ""Twists"" with a comb-like attachment for styling hair.","No., No., No., No., No., Yes.","No., No., No., No., No., Yes.","Yes., No., Yes., No, Yes., No","unsure, indoor, indoor, indoor, Indoor, Indoor","2, 2, 2, 2, 1, 1","Black, Black, Black, Black, Black, Pink",6
"Zydeco Chop Chop Cajun Seasoning Base, 8 Ounce Resealable Bags (Pack of Two - 1 Pound Total)",4.7,https://m.media-amazon.com/images/I/51hGpA1YYEL.jpg,"{""Package Dimensions"": ""9.61 x 7.17 x 3.07 inches; 1.41 Pounds"", ""UPC"": ""736684086978"", ""Manufacturer"": ""Zydeco Chop Chop""}","The image shows two packages of ""Zydeco Chop Chop,"" a seasoning mix, with each package weighing 8 ounces (227 grams).",No.,No.,Yes.,unsure,2,Green,1
"Enjoy VOLUMIZING ELIXIR, Style (with Sleek Steel Pin Tail Comb) (8.8 oz)",5.0,https://m.media-amazon.com/images/I/41D+LJwhpFL.jpg,"{""Is Discontinued By Manufacturer"": ""No"", ""Package Dimensions"": ""8 x 2.2 x 1.8 inches; 8.8 Ounces"", ""UPC"": ""600190915155"", ""Manufacturer"": ""Enjoy Hair Care Products""}","The image shows a tube of ""ENJOY Volumizing Elixir"" alongside a black comb labeled ""SLEEKSHOP,"" with the brand name """,No.,No.,Yes.,unsure,2,Blue,1
Suavecito X Breast Cancer Solutions - Original Hold Pomade,4.8,"https://m.media-amazon.com/images/I/51F0qqqEpeS.jpg, https://m.media-amazon.com/images/I/51H7GHqI5bS.jpg, https://m.media-amazon.com/images/I/51577TwJNVS.jpg","{""Product Benefits"": ""This water soluble pomade offers a medium hold and medium shine without any harsh chemicals, stiffness, or flaking.This water soluble pomade offers a medium hold and medium shine without any harsh chemicals, stiffness, or flaking.  See more"", ""Hair Type"": ""All"", ""Liquid Volume"": ""118.29 Milliliters"", ""Item Form"": ""Wax"", ""Brand"": ""Suavecito"", ""Is Discontinued By Manufacturer"": ""No"", ""Package Dimensions"": ""2.8 x 2.8 x 2.5 inches; 4.8 Ounces"", ""UPC"": ""700645581833"", ""Manufacturer"": ""Suavecito""}","The image shows a pink container of Suavecito Pomade, featuring a skull with a bandana design and the brand's logo prominently displayed on the label.","No., No., No.","No., No., No.","Yes., Yes., Yes.","unsure, Unsure, unsure","1, 1, 1","Pink, Pink, Pink",3
DOVE Pro Age Neck & Chest Beauty Serum 3.3oz (Quantity:3),5.0,https://m.media-amazon.com/images/I/31pHPpGS0GL.jpg,"{""Package Dimensions"": ""6.9 x 5.2 x 1.8 inches; 14.4 Ounces"", ""Manufacturer"": ""ARBrend""}","The image shows a box and a bottle of Dove ProAge Beauty Serum, which is designed to reduce the appearance of fine lines and wrinkles.",No.,No.,Yes.,unsure,1,Red,1
"John Frieda Frizz Ease Beyond Smooth Frizz-Immunity Shampoo with Frizz-Immunity Conditioner, 8.45oz",4.5,"https://m.media-amazon.com/images/I/514WbZeGKzL.jpg, https://m.media-amazon.com/images/I/51slhL-cLlL.jpg, https://m.media-amazon.com/images/I/51FhHNSBY2L.jpg","{""Item Form"": ""Liquid"", ""Brand"": ""John Frieda"", ""Hair Type"": ""Coarse, Wavy, Curly, Dry, Damaged"", ""Scent"": ""Coconut"", ""Special Ingredients"": ""Coconut Oil"", ""Package Dimensions"": ""8.66 x 7.01 x 2.09 inches; 8.45 Ounces""}","The image shows two tubes of John Frieda Frizz Ease Beyond Smooth Frizz-Immunity Shampoo and Conditioner, both with coconut bliss ingredients, designed","No., Yes., No.","No., Yes., No.","Yes., Yes., Yes.","unsure, indoor, Indoor","2, 0, 2","Purple, Gray, Purple",3
Luxury Shimmer Pearl Loose Eyeshadow Powder Eye Shadow Ball Pigment Make-up Glitter Red Brown Color #108,5.0,"https://m.media-amazon.com/images/I/41WlAMSKU7L.jpg, https://m.media-amazon.com/images/I/41vYo7ON2kL.jpg, https://m.media-amazon.com/images/I/51mk1aUWKVL.jpg, https://m.media-amazon.com/images/I/51BXehn-5hL.jpg, https://m.media-amazon.com/images/I/61Mzu5+M3xL.jpg",{},"The image shows a round, gold-lidded container with a clear base filled with a shimmering pink cosmetic product, likely a highlighter or eyeshadow","No., No., No., No., No.","No., No., No., No, No.","No., No., No., Yes., No","indoor, unsure, unsure, Unsure, Unsure","1, 1, 2, 15, 0","Gold, Red, Gold, Gold, Blue",5
Sharonelle Natural Cream Soft Wax for Sensitive Skin in 14 oz. - 4 cans,4.0,https://m.media-amazon.com/images/I/41uTUTqf-OL._AC_.jpg,"{""Item Form"": ""Wax"", ""Skin Type"": ""Sensitive"", ""Brand"": ""Sharonelle"", ""Unit Count"": ""4.00 Count"", ""Is Discontinued By Manufacturer"": ""No"", ""Product Dimensions"": ""8 x 8 x 3 inches; 4 Pounds"", ""Date First Available"": ""June 6, 2017""}","The image shows four cans of Shazanelle Natural Depilatory Wax, each weighing 14 oz (400g), stacked in two pairs",No.,No.,Yes.,indoor,4,Black,1
Kat Von D Shade Shifter Eyeshadow Love Letter 0.09 oz,3.9,"https://m.media-amazon.com/images/I/51aIqV7zMBL.jpg, https://m.media-amazon.com/images/I/51aIqV7zMBL.jpg","{""Brand"": ""Voronajj"", ""Finish Type"": ""Shimmery"", ""Special Feature"": ""Travel size"", ""Unit Count"": ""1.0 Count"", ""Skin Type"": ""All"", ""Package Dimensions"": ""2.9 x 2 x 0.6 inches; 0.09 Ounces"", ""Item model number"": ""Shade Shifter Eyeshadow Love Letter"", ""UPC"": ""885166945408 818015010118 885132812321"", ""Manufacturer"": ""USA""}","The image shows a compact of eyeshadow with a glittery purple shade, featuring a black lid with floral designs and a matching applicator brush.","No., No.","No., No.","No., No.","indoor, indoor","1, 1","Purple, Purple",2
"Dufy Butterfly Nail Art Stickers Decals, 6 Large Sheets Romantic Rose Design Nail Art Supplies for Women, 3D Self-Adhesive Nail Foil Decorations Summer Style for DIY Nail Art Dating Decorations",4.3,"https://m.media-amazon.com/images/I/61BRdo1JHTL.jpg, https://m.media-amazon.com/images/I/61fAeKzDj9L.jpg, https://m.media-amazon.com/images/I/518vxI3T-RL.jpg, https://m.media-amazon.com/images/I/41XZauoi4GL.jpg, https://m.media-amazon.com/images/I/51N60i00UcL.jpg, https://m.media-amazon.com/images/I/61HwF0j8rtL.jpg, https://m.media-amazon.com/images/I/51vNE4NG8OL.jpg","{""Brand"": ""Dufy"", ""Color"": ""Colorful,rose"", ""Surface Recommendation"": ""Nail"", ""Theme"": ""Butterfly,Romantic,Rose,Summer"", ""Cartoon Character"": ""Butterfly,Heart"", ""Age Range (Description)"": ""Adult"", ""Installation Type"": ""Self-Adhesive"", ""Reusability"": ""Single Use"", ""Pattern"": ""Insect"", ""Shape"": ""Irregular"", ""Package Dimensions"": ""7 x 4 x 0.2 inches; 0.81 Ounces""}","The image showcases a set of nail art stickers featuring various designs such as butterflies, flowers, and phrases like ""love"" and ""Passion rose,"" along with","No., No., No., No., No., No., No.","No., No., No, No., No, No, No","Yes., Yes., Yes., Yes., Yes., Yes., Yes.","Unsure, Indoor, indoor, indoor, Indoor, unsure, Indoor","2, 4, 1, 5, 1, 6, 2","Pink, Red, Red, Pink, Red, White, Pink",7
Dionis Goat Milk Hand Cream 4 Piece Travel Gift Set - Lavender Blossom,5.0,https://m.media-amazon.com/images/I/51wEFx8K2aL.jpg,"{""Brand"": ""Dionis"", ""Unit Count"": ""4.00 tube"", ""Item Weight"": ""0.25 Pounds"", ""Item Dimensions LxWxH"": ""6 x 4 x 1 inches"", ""Is Discontinued By Manufacturer"": ""No"", ""Product Dimensions"": ""6 x 4 x 1 inches; 4 Ounces"", ""Item model number"": ""4 PC HC Set LAV"", ""UPC"": ""700811055236""}","The image shows four tubes of Dionis Goat Milk Skincare Lavender Blossom Hand Cream, each with a lavender and white color scheme and a goat logo on",No.,No.,Yes.,unsure,4,Purple,1
Zoella Beauty Tutti Fruity Foam Sweet Foam Shower Gel 250ml,4.1,https://m.media-amazon.com/images/I/41j6RaScHSL.jpg,"{""Item Form"": ""Foam, Gel"", ""Age Range (Description)"": ""Adult"", ""Number of Items"": ""1"", ""Unit Count"": ""8.5 Fl Oz"", ""Item Package Quantity"": ""1"", ""Is Discontinued By Manufacturer"": ""No"", ""Product Dimensions"": ""2 x 2 x 7 inches; 10.4 Ounces"", ""UPC"": ""794168353688""}","The image shows a bottle of Zoella's ""Foam Sweet Foam Cleansing Shower Gel,"" which is 250ml (8.4 US fl",No.,No.,Yes.,unsure,1,Pink,1
"100% PURE Glossy Locks: Grow More Shampoo (13.5 Fl Oz), Sulfate Free, Hair Growth Shampoo, Made with Biotin, Vitamin B3, For Fuller, Voluminous Hair",4.5,"https://m.media-amazon.com/images/I/31WC29mXwAL.jpg, https://m.media-amazon.com/images/I/41Cg+QBxVBL.jpg, https://m.media-amazon.com/images/I/41Y0MCTs5FL.jpg, https://m.media-amazon.com/images/I/41ZWd4BAVdL.jpg, https://m.media-amazon.com/images/I/41S5bfZpQvL.jpg, https://m.media-amazon.com/images/I/41aSp-CWxYL.jpg, https://m.media-amazon.com/images/I/41JbC5AR63L.jpg, https://m.media-amazon.com/images/I/31+mOxhcRjL.jpg","{""Brand"": ""100% PURE"", ""Item Form"": ""Liquid"", ""Hair Type"": ""Dry"", ""Scent"": ""Orange,Mint"", ""Age Range (Description)"": ""Adult"", ""Product Dimensions"": ""2.5 x 2.5 x 7.2 inches; 14.4 Ounces"", ""UPC"": ""899738008217"", ""Manufacturer"": ""ITSATRONIC""}","The image shows a bottle of ""Glossy Locks Grow More Shampoo"" with a pump dispenser, featuring a floral design on the label.","No., No., No., No., No., Yes., No., Yes.","No., No., No., No., No., Yes., No, No","Yes., Yes., Yes., Yes., Yes., Yes., Yes., Yes.","unsure, indoor, indoor, Unsure, indoor, indoor, Indoor, indoor","1, 2, 1, 1, 2, 1, 1, 1","Pink, Pink, Pink, Pink, White, Pink, Pink, Pink",8
FeiDing Liquid Highlighter Illuminator Rose Gold Body Shimmer Oil Spray For Face Arm Leg Shimming Glow Lotion For Dark Skin Glitter For Body Shimmer (Rose Gold),4.5,"https://m.media-amazon.com/images/I/41oE2iJlZ1L.jpg, https://m.media-amazon.com/images/I/51i2hXPwSkL.jpg, https://m.media-amazon.com/images/I/51MhSjgZF5L.jpg, https://m.media-amazon.com/images/I/51TIiEsHW6L.jpg, https://m.media-amazon.com/images/I/41zokCk0qDL.jpg, https://m.media-amazon.com/images/I/51eOwGJr5NL.jpg","{""Item Form"": ""Spray"", ""Finish Type"": ""Velvet"", ""Brand"": ""FeiDing"", ""Skin Tone"": ""Deep"", ""Unit Count"": ""1.00 Count"", ""Is Discontinued By Manufacturer"": ""No"", ""Product Dimensions"": ""1.1 x 1.1 x 3.66 inches; 2.15 Ounces"", ""Item model number"": ""FDHDY-002-ZF-01"", ""UPC"": ""779584464064""}","The image shows a metallic gold-colored cosmetic product, likely a highlighter or liquid eyeshadow, with a pump dispenser and a swatch of the product's","No., No., Yes., No., No., No.","No., No., Yes., No, No, No.","No., Yes., Yes., Yes., Yes., Yes.","unsure, Unsure, Indoor, Beach, Unsure, Unsure","1, 4, 2, 4, 1, 2","Gold, Gold, Gold, Gold, Gold, Gold",6
"Organic Sweet Almond Oil and Fractionated Coconut Oil Bundle for Hair and Skin, 100% Pure and Natural, Hexane-Free, Moisturizing, For Healthy Skin, Silky Hair, Multiuse Body Oil, 16 fl. Oz X 2",4.5,"https://m.media-amazon.com/images/I/51EnPDcnK4L.jpg, https://m.media-amazon.com/images/I/51WeEI2M-IL.jpg, https://m.media-amazon.com/images/I/51jAPuIWg9L.jpg, https://m.media-amazon.com/images/I/51Uh+Lo8lFL.jpg, https://m.media-amazon.com/images/I/51em9CxX7-L.jpg, https://m.media-amazon.com/images/I/41THe8eHgFL.jpg, https://m.media-amazon.com/images/I/51vXxl+tCrL.jpg, https://m.media-amazon.com/images/I/51MV90K6wTL.jpg, https://m.media-amazon.com/images/I/51haa9MEVPL.jpg","{""Brand"": ""Shiny Leaf"", ""Scent"": ""Almond Oil and Fractionated Coconut"", ""Item Form"": ""Oil"", ""Unit Count"": ""32.00 Fl Oz"", ""Number of Items"": ""2"", ""Package Dimensions"": ""8.62 x 5.04 x 2.48 inches; 2.23 Pounds"", ""UPC"": ""781584950669""}","The image shows two bottles of Shiny Leaf organic oils, one labeled ""Cold Pressed Organic Sweet Almond Oil"" and the other ""Fractionated Organic Coconut","No., Yes., Yes., No., No., No., No., No., No.","No., Yes., Yes., No., No., No., No., No., No.","Yes., Yes., Yes., Yes., Yes., Yes., Yes., Yes., Yes.","unsure, Indoor, Indoor, Indoor, Indoor, Indoor, Unsure, Unsure, Indoor","2, 2, 6, 2, 1, 1, 3, 3, 2","Green, Green, Green, Green, Green, Green, Brown, Brown, Brown",9
"Empty Brown Glass Spray Bottles2-Pack, Refillable 16 oz Containers for Essential Oils, Cleaning Products, Aromatherapy, Misting Plants, or Cooking - Reliable Sprayer with Mist and Stream Settings",3.7,"https://m.media-amazon.com/images/I/41gYFHrqp2L.jpg, https://m.media-amazon.com/images/I/51B6iOhoyzL.jpg, https://m.media-amazon.com/images/I/51Wno6qyoeL.jpg, https://m.media-amazon.com/images/I/51HJwtFX7RL.jpg, https://m.media-amazon.com/images/I/51TAncklhwL.jpg, https://m.media-amazon.com/images/I/51J186wJ1rL.jpg, https://m.media-amazon.com/images/I/31P3esCAGwL.jpg, https://m.media-amazon.com/images/I/31MCSc7cH7L.jpg","{""Brand"": ""Cherry"", ""Material"": ""Glass"", ""Capacity"": ""16 Ounces"", ""Number of Items"": ""2"", ""Product Care Instructions"": ""Hand Wash Only"", ""Package Dimensions"": ""9.09 x 6.46 x 3.35 inches; 4.94 Ounces"", ""UPC"": ""791523234187""}","The image shows two amber glass spray bottles with black trigger sprayers, accompanied by four black labels and two caps.","No., No., No., Yes., No., Yes., No., Yes.","No., No., No., No., No., No, No., No.","No, Yes., Yes., Yes., Yes., No, No, No","indoor, indoor, indoor, indoor, indoor, indoor, unsure, indoor","2, 1, 1, 2, 3, 1, 1, 1","Amber, Amber, Brown, Amber, Brown, Amber, Amber, Amber",8
"Nail Clippers Kit, Manicure Set 18 in 1 Stainless Steel Professional Grooming Nail Kit, Pedicure Kit with Portable Travel Case for Men and Women",4.1,"https://m.media-amazon.com/images/I/51vLX7ji08L.jpg, https://m.media-amazon.com/images/I/51wsu4WijCL.jpg, https://m.media-amazon.com/images/I/41asMbBKqTL.jpg, https://m.media-amazon.com/images/I/51EbfoE3SUL.jpg, https://m.media-amazon.com/images/I/41yrI3knq6L.jpg, https://m.media-amazon.com/images/I/41+dLWjidhL.jpg, https://m.media-amazon.com/images/I/41q-gW2P0oL.jpg, https://m.media-amazon.com/images/I/41kU6Uim4vL.jpg","{""Package Dimensions"": ""6.46 x 4.41 x 1.06 inches; 11.36 Ounces"", ""UPC"": ""720907134782""}","The image shows a neatly organized manicure and pedicure set in a blue case, containing various tools such as nail clippers, scissors, cuticle push","No., No., No., No., No., No., No., No.","No., No., No, No., No., No., No., No.","No, Yes., Yes., Yes., Yes., Yes., Yes., Yes.","indoor, Indoor, Indoor, indoor, indoor, indoor, indoor, indoor","15, 18, 1, 7, 3, 4, 4, 4","Blue, Blue, Blue, Blue, Blue, Blue, Blue, White",8
"Cloud 9 Magic Capsule Cleanser 80ml - O2 Bubble Facial Cleanser, Sebum Control, Removes Dead Skin Cells and Impurities from Pores",3.3,"https://m.media-amazon.com/images/I/416FBSBAKML.jpg, https://m.media-amazon.com/images/I/31IWa5oNWML.jpg, https://m.media-amazon.com/images/I/51p8-kwREgL.jpg, https://m.media-amazon.com/images/I/51Y+Y59PfdL.jpg, https://m.media-amazon.com/images/I/51BoMDEG7gL.jpg, https://m.media-amazon.com/images/I/41DCi3O2SWL.jpg, https://m.media-amazon.com/images/I/419KZGmRqQL.jpg, https://m.media-amazon.com/images/I/41si7l8OEJL.jpg","{""Item Form"": ""Capsule"", ""Skin Type"": ""All"", ""Brand"": ""Cloud 9"", ""Age Range (Description)"": ""Adult"", ""Unit Count"": ""2.7 Fl Oz"", ""Is Discontinued By Manufacturer"": ""No"", ""Package Dimensions"": ""5.31 x 2.01 x 1.89 inches; 5.61 Ounces"", ""UPC"": ""887406068021""}","The image shows a teal-colored bottle of ""Cloud"" foam cleanser with a pump dispenser, accompanied by its matching teal box.","No., No., No., No., No., No., No., Yes.","No., No., No., No., No., No., No., No.","Yes., Yes., Yes., Yes., Yes., Yes., Yes., No.","Indoor, unsure, Indoor, outdoor, indoor, indoor, Indoor, indoor","2, 1, 1, 1, 1, 2, 2, 1","Blue, Blue, Blue, Green, White, Blue, Teal, White",8
Rbenxia Sexy Satin Japan Kimono Dress Gown Bath Robe Babydoll Lingerie Nightdress,3.2,"https://m.media-amazon.com/images/I/51nRmYxb62L.jpg, https://m.media-amazon.com/images/I/51bKsTl9HLL.jpg, https://m.media-amazon.com/images/I/51HlRzw7rVL.jpg, https://m.media-amazon.com/images/I/61DBBo13AOL.jpg, https://m.media-amazon.com/images/I/61r1tZJK5gL.jpg, https://m.media-amazon.com/images/I/51-a2y0uRuL.jpg, https://m.media-amazon.com/images/I/51ZAfC68JPL.jpg, https://m.media-amazon.com/images/I/61BSo+uJBJL.jpg","{""Package Dimensions"": ""10.5 x 8 x 1.2 inches; 8 Ounces"", ""Item model number"": ""Rbenxia""}","The image shows a black and red floral-patterned kimono with white trim, paired with a matching black and red floral-patterned undergarment.","No., Yes., Yes., No, Yes., Yes., No., No.","No, No., Yes., No, No, Yes., No., No.","No, No, No, No, No, No, No, No","Indoor, unsure, Indoor, indoor, Indoor, Indoor, Indoor, Indoor","2, 1, 1, 1, 1, 1, 2, 1","Black, Pink, Red, Black, Black, Red, Black, Red",8
"Bulk Herbs: Clay, White Kaolin",3.5,https://m.media-amazon.com/images/I/3123JS7u+LL.jpg,"{""Brand"": ""Raven Moonlight"", ""Item Form"": ""Clay"", ""Scent"": ""White Kaolin"", ""Skin Type"": ""All, Sensitive"", ""Unit Count"": ""1.0 Ounce"", ""Item Weight"": ""1 Ounces"", ""Manufacturer"": ""Raven Moonlight""}","The image shows a wooden bowl filled with white powder, accompanied by a matching wooden spoon resting inside the bowl.",No.,No,No,unsure,2,White,1
Oval Large Makeup Brushes Fast Application Liquid Cream Powder Foundation (Rose Gold 2),3.9,"https://m.media-amazon.com/images/I/31ImPS2zIiL.jpg, https://m.media-amazon.com/images/I/41r1LEUDdUL.jpg, https://m.media-amazon.com/images/I/419JgfeWO5S.jpg, https://m.media-amazon.com/images/I/31pG+VQAT2L.jpg, https://m.media-amazon.com/images/I/31dfM+9140L.jpg, https://m.media-amazon.com/images/I/31-cqh-smBL.jpg, https://m.media-amazon.com/images/I/31BkJa4GE3L.jpg","{""Brand"": ""LAMJAD"", ""Recommended Uses For Product"": ""For Foundation"", ""Material"": ""synthetic"", ""Skin Type"": ""All"", ""Item Form"": ""liquid"", ""Number of Pieces"": ""2"", ""Age Range (Description)"": ""Adult"", ""Ferrule Material"": ""Aluminum"", ""Skin Tone"": ""All"", ""Package Dimensions"": ""8.46 x 3.35 x 1.38 inches; 1.76 Ounces"", ""UPC"": ""714403984842""}","The image shows a makeup brush with an oval-shaped bristle head and a black handle, featuring a rose-gold accent at the base of the bristles.","No., Yes., No., No., No., No., No.","No., Yes., No., No., No., No., No.","No, No, Yes., No., No., No., No.","unsure, indoor, indoor, unsure, unsure, unsure, unsure","1, 1, 5, 2, 2, 2, 1","Black, White, Beige, Black, Black, Black, Black",7
"Reusable Cotton Swabs, Portable Silicone Washable Cotton Swab with Dust-Proof Case for Ear Cleaning Makeup Beauty, Double Tipped Silicone Cotton Buds (Pink)",2.9,"https://m.media-amazon.com/images/I/517g5SKimJL.jpg, https://m.media-amazon.com/images/I/41rcc8W1l6L.jpg, https://m.media-amazon.com/images/I/41SckGtiW1L.jpg, https://m.media-amazon.com/images/I/51eUUQP-X9L.jpg, https://m.media-amazon.com/images/I/51t2k4MJ51L.jpg, https://m.media-amazon.com/images/I/513yr0CS6KL.jpg, https://m.media-amazon.com/images/I/51MjU9d-OHL.jpg","{""Package Dimensions"": ""3.54 x 3.35 x 0.79 inches; 3.74 Ounces"", ""UPC"": ""791555356543""}","The image showcases a compact makeup kit with various tools for applying makeup, including applicators and brushes, along with a mirror and tweezers, all neatly arranged","Yes., No., No., No., No., No., Yes.","Yes., No., No, No., No., No., No.","No, Yes., Yes., Yes., Yes., Yes., Yes.","indoor, Indoor, Indoor, Indoor, indoor, Indoor, Indoor","10, 1, 2, 6, 3, 1, 1","Pink, Blue, Pink, Blue, Pink, Pink, Red",7
"SERGE LUTENS PARFUMS La Fille De Berlin, Mini.03 oz",3.2,https://m.media-amazon.com/images/I/31ZXX7xYIYL.jpg,"{""Brand"": ""Serge Lutens"", ""Age Range (Description)"": ""Adult"", ""Style"": ""Modern"", ""Package Dimensions"": ""1 x 1 x 0.3 inches; 0.32 Ounces""}","The image shows a black box labeled ""Serge Lutens"" alongside a small black bottle of Serge Lutens Eau de Parfum, both",No.,No.,Yes.,indoor,2,Black,1
"AVON WILD COUNTRY POWDER 2.65 oz EACH, LOT OF 3",4.7,"https://m.media-amazon.com/images/I/517MpRqskcL.jpg, https://m.media-amazon.com/images/I/514TMWnkMdL.jpg","{""Is Discontinued By Manufacturer"": ""No"", ""UPC"": ""764753405115""}","The image shows three cans of ""Wild Country"" talc powder, each weighing 2.65 ounces and containing 75 grams of product.","No., No.","No., No.","Yes., Yes.","indoor, indoor","3, 3","Brown, Brown",2
Red Hair Coloring Dye Wax Instant Hair Wax Temporay Hairstyle Cream Hair Pomades Natural Hairstyle Wax for Men and Women Party Cosplay,3.8,"https://m.media-amazon.com/images/I/51kLY2dYOvL.jpg, https://m.media-amazon.com/images/I/41DfvIXMK-L.jpg, https://m.media-amazon.com/images/I/51KqKEEfkqL.jpg, https://m.media-amazon.com/images/I/51QjW5De6aL.jpg, https://m.media-amazon.com/images/I/41NqToeYFKL.jpg, https://m.media-amazon.com/images/I/51542NT1qLL.jpg","{""Brand"": ""Neutral"", ""Item Form"": ""Wax"", ""Unit Count"": ""1.00 Count"", ""Material Feature"": ""Natural"", ""Package Dimensions"": ""2.83 x 2.83 x 2.05 inches; 5.29 Ounces"", ""UPC"": ""718893086086""}",The image shows a person with vibrant red hair and a jar of Mofajang hair coloring material next to them.,"Yes., No., Yes., Yes., No., Yes.","Yes., No., Yes., Yes., No., Yes.","Yes., Yes., Yes., Yes., Yes., Yes.","unsure, indoor, indoor, indoor, indoor, Indoor","2, 1, 1, 1, 2, 1","Red, Red, Red, Red, Red, Blue",6
Armáf Täg Hïm Colognė For Men 3.4 oz Eau De Toilette Spray,5.0,"https://m.media-amazon.com/images/I/41k40HwYZ+L.jpg, https://m.media-amazon.com/images/I/41k40HwYZ+L.jpg, https://m.media-amazon.com/images/I/31iQh8Dwa5L.jpg, https://m.media-amazon.com/images/I/41k40HwYZ+L.jpg, https://m.media-amazon.com/images/I/41k40HwYZ+L.jpg, https://m.media-amazon.com/images/I/31iQh8Dwa5L.jpg","{""Brand"": ""House of Arm\u00e1f"", ""Item Form"": ""Spray"", ""Item Volume"": ""3.4 Fluid Ounces"", ""Age Range (Description)"": ""Adult"", ""Item Weight"": ""3.4 Ounces"", ""Package Dimensions"": ""5.2 x 5.1 x 2.1 inches; 3.4 Ounces""}","The image shows a product packaging for ""TAG-HIM Pour Homme"" by Tag Heuer, featuring a black and silver perfume bottle with a dog tag necklace","No., No., No., No., No., No.","No., No., No, No., No., No","Yes., Yes., Yes., Yes., Yes., Yes.","indoor, indoor, unsure, indoor, indoor, unsure","2, 2, 0, 2, 2, 0","Silver, Silver, Pink, Silver, Silver, Pink",6
3D Mask Bracket for Kids，Internal Support Holder Frame Nose Breathing Smoothly - Protect Lipstick Lips - Cool Face Mask Inner Support Frame-5Pcs,2.9,"https://m.media-amazon.com/images/I/41xIvRtKTPL.jpg, https://m.media-amazon.com/images/I/41FCkk6hveL.jpg, https://m.media-amazon.com/images/I/51iue-Z5jZL.jpg, https://m.media-amazon.com/images/I/419EtHvnVjL.jpg, https://m.media-amazon.com/images/I/51rbZc580yL.jpg, https://m.media-amazon.com/images/I/51u-uU3IyEL.jpg, https://m.media-amazon.com/images/I/51e+YA1XmhL.jpg, https://m.media-amazon.com/images/I/31reJ0lQkPL.jpg, https://m.media-amazon.com/images/I/311pVDtu2FL.jpg","{""Package Dimensions"": ""11.93 x 4.41 x 1.73 inches; 0.71 Ounces"", ""UPC"": ""305393618956 305393618819 800914455060"", ""Manufacturer"": ""01""}",The image shows a set of five white mask ear loops and a child wearing a blue surgical mask with the ear loops attached to it.,"Yes., No., No., Yes., Yes., No., Yes., No., No.","Yes., No., No., Yes., Yes., No., Yes., No., No","No, Yes., Yes., Yes., Yes., Yes., Yes., No., Yes.","indoor, indoor, Indoor, Indoor, Indoor, water, Indoor, unsure, unsure","2, 1, 1, 2, 2, 1, 1, 5, 0","White, White, White, White, Blue, Blue, Blue, White, Black",9
"Wholesale CASE of 10 - GOJO Supro Max Cherry Hand Cleaner-Supro Max Hand Cleaner, 2000l, Cherry",5.0,https://m.media-amazon.com/images/I/41j8X+EbmOL.jpg,"{""Brand"": ""Gojo"", ""Recommended Uses For Product"": ""Hand"", ""Liquid Volume"": ""2000 Milliliters"", ""Is Discontinued By Manufacturer"": ""No"", ""UPC"": ""073852013986""}","The image shows a box of GOJO Supro Max Cherry Hand Cleaner, which is a 2-liter product designed for quick hand cleaning.",No.,No.,Yes.,unsure,1,White,1
Lily Of The Desert - Organic Aloe Vera Gel Herbal Stomach Formula Mint - 32 oz.,5.0,"https://m.media-amazon.com/images/I/310H6GQYXzL.jpg, https://m.media-amazon.com/images/I/41i8bdVncVL.jpg, https://m.media-amazon.com/images/I/31GPO-3IV9L.jpg, https://m.media-amazon.com/images/I/31IA7npaQVL.jpg, https://m.media-amazon.com/images/I/31IA7npaQVL.jpg, https://m.media-amazon.com/images/I/31jpJId2N4L.jpg","{""Item Form"": ""Softgel"", ""Brand"": ""Lily Of The Desert"", ""Age Range (Description)"": ""Adult"", ""Recommended Uses For Product"": ""Stomach"", ""Number of Items"": ""1"", ""Is Discontinued By Manufacturer"": ""No"", ""Package Dimensions"": ""9.69 x 7.17 x 4.33 inches; 1.98 Pounds"", ""UPC"": ""026395400324"", ""Manufacturer"": ""LILY OF THE DESERT""}","The image shows a bottle of Lily of the Desert Aloe Herbal Stomach Formula, which is a 33 fl oz (946 ml)","No., No., No., No., No., No.","No., No., No., No., No., No.","Yes., Yes., Yes., Yes., Yes., Yes.","unsure, indoor, indoor, indoor, indoor, indoor","1, 1, 1, 1, 1, 1","Pink, Purple, Purple, Pink, Pink, Purple",6
"Norelco 7886XL Quadra Action Dry Razor Shaver Corded Cordless, 7886 XL Brand new",3.6,"https://m.media-amazon.com/images/I/416H81ZPJ0L.jpg, https://m.media-amazon.com/images/I/511NT66D8AL.jpg, https://m.media-amazon.com/images/I/51TSXH26BTL.jpg, https://m.media-amazon.com/images/I/51E3KK690GL.jpg, https://m.media-amazon.com/images/I/41N9ECY0BGL.jpg, https://m.media-amazon.com/images/I/51PKR55G9VL.jpg","{""Brand"": ""Norelco"", ""Power Source"": ""Battery Powered"", ""Included Components"": ""Battery"", ""Color"": ""Metallic Grey"", ""Blade Material"": ""Stainless Steel"", ""Is Discontinued By Manufacturer"": ""No"", ""Product Dimensions"": ""6.3 x 3.94 x 9.45 inches; 15.2 Ounces"", ""Item model number"": ""7886XL"", ""UPC"": ""075020278869"", ""Manufacturer"": ""Norelco""}",The image shows a Norelco Quadra electric shaver with four rotating heads and a digital display indicating the battery level.,"No., Yes., No., No., No., No.","No., No., No., No., No., No.","Yes., No., No., Yes., No., Yes.","indoor, indoor, indoor, Indoor, indoor, indoor","1, 1, 1, 1, 1, 2","Gray, Silver, Silver, Gray, Silver, Gray",6
Cosplay Short White Mix Pink Curly Party for Women Girls Synthetic Hair Natural Looking Wig,3.8,"https://m.media-amazon.com/images/I/41g-rdWGQtL.jpg, https://m.media-amazon.com/images/I/51AYKPAyT+L.jpg, https://m.media-amazon.com/images/I/51993mrPFSL.jpg, https://m.media-amazon.com/images/I/31AEbCIqcoL.jpg","{""Material"": ""Human Hair"", ""Hair Type"": ""Wavy"", ""Brand"": ""Cosrea"", ""Age Range (Description)"": ""Adult"", ""Style"": ""Modern"", ""Is Discontinued By Manufacturer"": ""No"", ""Package Dimensions"": ""10.8 x 7.2 x 2.3 inches; 5.61 Ounces"", ""Item model number"": ""002K"", ""UPC"": ""673400876249""}","The image shows a mannequin head with a short, curly wig that transitions from white at the roots to light pink at the tips. The wig is styled","No., No., No., No.","No., No., No, No.","No, No, No, No","indoor, indoor, indoor, unsure","1, 1, 1, 1","Pink, Pink, Pink, Pink",4
DerBlue 10 pieces big gear+10 pieces small gear for Syma X5C X5 X5C-1 X5SC X5SC-1 X5SW RC Quadcopter,5.0,"https://m.media-amazon.com/images/I/51cJIUQsLdL.jpg, https://m.media-amazon.com/images/I/61KVenfMCJL.jpg, https://m.media-amazon.com/images/I/51jbpWs-nmL.jpg, https://m.media-amazon.com/images/I/51Z28z+ecuL.jpg, https://m.media-amazon.com/images/I/51XXm-YemWL.jpg","{""Is Discontinued By Manufacturer"": ""No"", ""Product Dimensions"": ""4 x 1.8 x 0.7 inches; 0.32 Ounces"", ""Manufacturer"": ""ARBrend""}","The image shows a set of white plastic parts arranged on a dark surface, with some small white components scattered below them.","No., No., No., No., No.","No., No, No, No, No.","No., No., No, No, No","indoor, indoor, indoor, indoor, indoor","10, 2, 2, 2, 1","White, White, White, White, White",5
Easyouth Tape in Hair Extensions Real Human Hair Color Off Black Highlight with Golden Blonde Invisible Glue on Extensions Straight Hair 20pcs 20 Inch 50g,4.0,"https://m.media-amazon.com/images/I/51Py1kVptXL.jpg, https://m.media-amazon.com/images/I/51OoMazQzKL.jpg, https://m.media-amazon.com/images/I/41GxGYk7q8L.jpg, https://m.media-amazon.com/images/I/41tP2IdXw-L.jpg, https://m.media-amazon.com/images/I/41XbxvWLa1L.jpg, https://m.media-amazon.com/images/I/41fB0C7ZDDL.jpg, https://m.media-amazon.com/images/I/51NEWh-2p7S.jpg, https://m.media-amazon.com/images/I/31sxpMC3zpL.jpg, https://m.media-amazon.com/images/I/41vH7lGzgeL.jpg","{""Brand"": ""Easyouth"", ""Material"": ""Human Hair"", ""Extension Length"": ""20 Inches"", ""Hair Type"": ""Straight"", ""Material Feature"": ""Natural"", ""Is Discontinued By Manufacturer"": ""No"", ""Package Dimensions"": ""10.7 x 5.9 x 1.7 inches; 3.52 Ounces"", ""UPC"": ""705346436963""}","The image shows a person with long, wavy hair transitioning from dark roots to lighter ends, alongside two close-up views of straight, light brown hair extensions.","Yes., No., No., No., No., No., Yes., No., No.","No., No., No., No., No., No, Yes., No., No.","No, Yes., No, No., No, Yes., Yes., No, No.","indoor, Indoor, unsure, unsure, unsure, Indoor, outdoor, unsure, indoor","2, 1, 1, 1, 1, 2, 2, 1, 1","Brown, Red, Brown, Brown, Brown, White, Blue, Black, Black",9
#60 14inch TAPE IN HUMAN HAIR FOR WOMEN BEAUTY 30G,3.5,https://m.media-amazon.com/images/I/41oIJP8p02L.jpg,"{""Brand"": ""Benehair"", ""Hair Type"": ""Straight"", ""Installation Type"": ""tape"", ""Package Dimensions"": ""10 x 4.2 x 1.3 inches; 8.47 Ounces""}",The image shows a stack of light blonde hair extensions with a white adhesive strip at the top for easy application.,No.,No.,No,indoor,1,Blonde,1
Kosher Complete Lulav and Esrog Etrog Set,4.0,https://m.media-amazon.com/images/I/21LXgUIcTzL.jpg,"{""Is Discontinued By Manufacturer"": ""No"", ""Package Dimensions"": ""49 x 11.3 x 4.5 inches; 3 Pounds"", ""Manufacturer"": ""AJ Wholesale""}","The image shows an ornate, silver-colored box with intricate designs and a lid that is open to reveal a yellowish-green object inside.",No.,No,No,indoor,1,Silver,1
SENEGALESE TWIST SMALL (1B Off Black) - Model Model Glance Crochet Bulk Braiding Hair,4.7,"https://m.media-amazon.com/images/I/51agAmtRo5L.jpg, https://m.media-amazon.com/images/I/41aCzvfxh-L.jpg","{""UPC"": ""821090083359 795827819262""}","The image shows a person with long, dark brown braided hair styled in Senegalese twists, accompanied by product packaging for ""Model Model Glance B","Yes., No.","Yes., No.","Yes., No","indoor, unsure","2, 0","Brown, Black",2
Jurassic World Electric Toothbrush and Fluoride Toothpaste Set for Kids (Blue),3.6,"https://m.media-amazon.com/images/I/41rg2-LXlbL.jpg, https://m.media-amazon.com/images/I/51NfkZjT35L.jpg, https://m.media-amazon.com/images/I/41Tfynh5mGL.jpg","{""Brand"": ""BCE Trends"", ""Age Range (Description)"": ""Kid"", ""Special Feature"": ""Soft Bristles"", ""Power Source"": ""Corded Electric"", ""Item Firmness Description"": ""Soft"", ""Package Dimensions"": ""9.8 x 3.19 x 2.13 inches; 7.9 Ounces"", ""Batteries"": ""1 AA batteries required. (included)"", ""UPC"": ""608614826452""}","The image shows a Jurassic World-themed toothbrush and a tube of Orajel Anticavity Fluoride toothpaste, both featuring dinosaur designs.","No., No., No.","No., No., No.","Yes., Yes., Yes.","Indoor, Indoor, indoor","2, 1, 1","Blue, Blue, White",3
"Press on Nails Long with Rhinestone Designs, 24Pcs Coffin Long Fake Nails Full Cover Acrylic Press on Nails Delicate Glue on Nails Gradient Designer False Nails for Women Girls",5.0,"https://m.media-amazon.com/images/I/414RCBzZB-L.jpg, https://m.media-amazon.com/images/I/41+e-tD4N+L.jpg, https://m.media-amazon.com/images/I/41HJ9dT7s4L.jpg, https://m.media-amazon.com/images/I/41UytOJvfhL.jpg, https://m.media-amazon.com/images/I/31g59GztMBL.jpg, https://m.media-amazon.com/images/I/31z3N3q1KHL.jpg, https://m.media-amazon.com/images/I/51HNVXLqDSL.jpg","{""Color"": ""White"", ""Size"": ""Large"", ""Material"": ""Acrylic, Acrylonitrile Butadiene Styrene (ABS)"", ""Brand"": ""Tuklye"", ""Style"": ""Rhinestone"", ""Package Dimensions"": ""5.31 x 2.6 x 0.55 inches; 0.63 Ounces""}","The image showcases a hand with elegantly designed long, almond-shaped nails featuring a soft pink base color adorned with intricate white and silver geometric patterns, rhinest","Yes., No., No., No., No., No., No.","No, No., No, No., No., No., No","No, No, Yes., No, No, No, Yes.","indoor, Unsure, Unsure, Indoor, Unsure, Unsure, Indoor","10, 12, 10, 10, 15, 24, 1","Pink, Beige, Beige, Pink, Beige, Beige, White",7
Beauty Wig World 4Pcs Floral Print Scarf Scrunchie Silk Satin Style4 Size 4.0,4.3,"https://m.media-amazon.com/images/I/5196flcQrPL.jpg, https://m.media-amazon.com/images/I/51Deg7k+YbL.jpg, https://m.media-amazon.com/images/I/51WP9-slXVL.jpg, https://m.media-amazon.com/images/I/61JgAydEjiL.jpg, https://m.media-amazon.com/images/I/51GnoHs-AML.jpg, https://m.media-amazon.com/images/I/510c5D5-CpL.jpg, https://m.media-amazon.com/images/I/51IwSo2tpqL.jpg, https://m.media-amazon.com/images/I/61cI5ghBZ1L.jpg, https://m.media-amazon.com/images/I/51ZORp66NyL.jpg","{""Material"": ""Silk"", ""Item Form"": ""Scrunchie"", ""Brand"": ""pureluca"", ""Item Dimensions LxWxH"": ""5 x 5 x 0.7 inches"", ""Hair Type"": ""All"", ""Product Dimensions"": ""5 x 5 x 0.7 inches; 3.53 Ounces""}","The image shows a person with long blonde hair styled into a high ponytail, adorned with a decorative bandana, and wearing a white t-shirt and jeans.","Yes., No., No., Yes., No., No., Yes., Yes., No.","No., No., No., Yes., No., No., No., Yes., No.","No, No., Yes., No, Yes., Yes., No., No, No","outdoor, Indoor, unsure, outdoor, Unsure, Indoor, indoor, outdoor, indoor","6, 4, 1, 1, 4, 2, 1, 5, 2","White, Red, Blue, Green, Blue, Gray, Pink, White, Blue",9
Lechat Perfect Match High Gloss Top Gel Sealer + Untra-Thin Base Gel 0.25oz,3.8,"https://m.media-amazon.com/images/I/41TZw2GWXzL.jpg, https://m.media-amazon.com/images/I/41TZw2GWXzL.jpg","{""Brand"": ""LeChat"", ""Item Form"": ""Gel"", ""Finish Type"": ""Glossy"", ""Unit Count"": ""1.00 Count"", ""UPC"": ""696294354686""}","The image shows two bottles of nail polish: ""Perfect Match Ultra-Thin Varnish Base Gel"" and ""Perfect Match High Gloss Top Gel Sealer,""","No., No.","No., No.","Yes., Yes.","indoor, indoor","2, 2","White, White",2
Thierry Mugler Alien Body Lotion for Women 7 oz.,4.2,https://m.media-amazon.com/images/I/41F+g8+BxHL.jpg,"{""Brand"": ""Thierry Mugler"", ""Item Form"": ""Lotion"", ""Unit Count"": ""6.9 Ounce"", ""Item Volume"": ""200 Milliliters"", ""Product Benefits"": ""Hydrating"", ""Is Discontinued By Manufacturer"": ""No"", ""Package Dimensions"": ""6.46 x 3.07 x 1.97 inches; 9.88 Ounces""}","The image shows a box of Thierry Mugler Alien Les Rituels D'Or Radiant Body Lotion alongside its purple, gem-shaped bottle.",No.,No.,Yes.,unsure,2,Purple,1
"WISLIBE Kids Electric Toothbrush Rechargeable, Soft Bristles, 3 Clean Modes, Easy-Press Power Button for 2-6 Years Children and Toddlers(Rabbit)",3.7,"https://m.media-amazon.com/images/I/41vPG2HOelL.jpg, https://m.media-amazon.com/images/I/418NYy8JaTL.jpg, https://m.media-amazon.com/images/I/411RU5SzwyL.jpg, https://m.media-amazon.com/images/I/41NuPFQ0tdL.jpg, https://m.media-amazon.com/images/I/411ifmblqGL.jpg, https://m.media-amazon.com/images/I/41rVFKgfUaL.jpg, https://m.media-amazon.com/images/I/413N7qj3mZL.jpg, https://m.media-amazon.com/images/I/31O0gm+wBIL.jpg","{""Brand"": ""WISLIBE"", ""Age Range (Description)"": ""Kid"", ""Special Feature"": ""Brushing Timer"", ""Power Source"": ""Corded Electric"", ""Item Firmness Description"": ""Soft"", ""Package Dimensions"": ""7.36 x 4.13 x 2.64 inches; 10.86 Ounces"", ""Manufacturer"": ""WISLIBE""}","The image shows a pink toothbrush with a cute bunny design on the handle, featuring a U-shaped bristle head for brushing teeth.","No., No., No., No., No., No., Yes., No.","No., No., No., No., No., No., Yes., No","No, Yes., Yes., Yes., Yes., Yes., Yes., Yes.","indoor, waterproof, Indoor, Indoor, Indoor, Indoor, indoor, Indoor","1, 1, 1, 2, 2, 3, 4, 1","Pink, Blue, Yellow, Yellow, Yellow, Yellow, Pink, Pink",8
Amope PediMask Kit- 20 Minute Foot Mask to Rejuvenate and Soothe Your Feet with Blend of Moisturizers and Macadamia Oils for Baby Smooth Feet in Minutes (Pack of 3),4.5,"https://m.media-amazon.com/images/I/41k+0x91VLL.jpg, https://m.media-amazon.com/images/I/51a6WK1OxuL.jpg, https://m.media-amazon.com/images/I/41Bj92Ix4WL.jpg, https://m.media-amazon.com/images/I/51Dh+isiEvL.jpg, https://m.media-amazon.com/images/I/41k5wnXHKUL.jpg, https://m.media-amazon.com/images/I/51KU9YBnLjL.jpg, https://m.media-amazon.com/images/I/417aV-pxCQL.jpg, https://m.media-amazon.com/images/I/41kP0sd57-L.jpg","{""Brand"": ""Amope"", ""Item Form"": ""Sheet"", ""Product Benefits"": ""Smoothening"", ""Scent"": ""Macadamia"", ""Skin Type"": ""All"", ""Is Discontinued By Manufacturer"": ""No"", ""Package Dimensions"": ""9.88 x 7.99 x 0.94 inches; 3.84 Ounces"", ""Item model number"": ""051400963259"", ""UPC"": ""191567334193 051400000114"", ""Manufacturer"": ""Reckitt Benckiser""}","The image shows three packages of Amope Pedimask, a 20-minute foot mask designed to rejuvenate and soothe the feet with a blend of","No., No., Yes., Yes., No., Yes., No., No.","No., No., No., No., No., No., No., No.","Yes., Yes., Yes., Yes., Yes., Yes., Yes., Yes.","Unsure, Indoor, Indoor, Indoor, studio, indoor, indoor, Unsure","3, 1, 1, 1, 1, 1, 1, 1","Blue, Blue, Yellow, Blue, Blue, Yellow, Blue, Blue",8
Body wave Lace Front Wigs Human Hair 4X4 Body Wave 150% Density Pre Plucked with Baby Hair Natural Black 100% Unprocessed Brazilian Virgin Human Hair Wigs 26 inch,4.1,"https://m.media-amazon.com/images/I/61CHQNAgMdL.jpg, https://m.media-amazon.com/images/I/51rvmYV0SWL.jpg, https://m.media-amazon.com/images/I/51oZTCWFfJL.jpg, https://m.media-amazon.com/images/I/51vJLcMKSLL.jpg, https://m.media-amazon.com/images/I/51eVpquwwML.jpg, https://m.media-amazon.com/images/I/41z86OdlM+L.jpg, https://m.media-amazon.com/images/I/51vWD7mA+gL.jpg, https://m.media-amazon.com/images/I/51+k7BeUaEL.jpg","{""Material"": ""Human Hair"", ""Hair Type"": ""Wavy"", ""Brand"": ""YYgY"", ""Age Range (Description)"": ""Adult"", ""Style"": ""Modern"", ""Package Dimensions"": ""12.76 x 9.76 x 3.86 inches; 0.63 Ounces"", ""UPC"": ""881516573345""}","The image showcases three different angles of a person wearing a long, wavy black wig with a lace front, highlighting the hairstyle's texture and fit from various perspectives","Yes., Yes., Yes., No., Yes., No., No., No.","Yes., Yes., Yes., No., Yes., No., No., No.","No, No, Yes., Yes., Yes., No, No, Yes.","indoor, indoor, indoor, Indoor, studio, Indoor, indoor, indoor","3, 1, 1, 1, 1, 1, 1, 4","Black, Black, Black, Brown, Blue, White, Black, Black",8
"Deft Bun for Hair, Hair Tie Bun Maker, Soft Cloth | Easy To Carry | Widely Used | Multicolor,French Twist Donut Hairstyle Must-haves Tool (One Piece White)",2.9,"https://m.media-amazon.com/images/I/31QAv3EM1VS.jpg, https://m.media-amazon.com/images/I/51FPIhExXNS.jpg, https://m.media-amazon.com/images/I/517Muxl+O6S.jpg, https://m.media-amazon.com/images/I/51-8yNa6p3S.jpg","{""Color"": ""Multicolor,White"", ""Material"": ""fabric"", ""Item Form"": ""Scrunchie"", ""Brand"": ""Jxueych"", ""Hair Type"": ""Curly"", ""Package Dimensions"": ""13.78 x 4.29 x 0.87 inches; 0.56 Ounces""}","The image shows a white fabric hair tie with a bow design, worn by a person with their hair tied up in a bun.","Yes., Yes., Yes., Yes.","No., No., No., No.","No, Yes., Yes., Yes.","indoor, indoor, Indoor, Indoor","2, 4, 1, 4","White, White, Pink, Green",4
"[The Hair Mother Cellar] M-hair Loss Shampoo For Moisturizing, Dandruff-free, Nourishing hair For Men (10.14fl.oz./300ml)",4.5,"https://m.media-amazon.com/images/I/31U5xXlKN7L.jpg, https://m.media-amazon.com/images/I/51G3Qvb84HL.jpg, https://m.media-amazon.com/images/I/51l5mVJj5DL.jpg, https://m.media-amazon.com/images/I/51+b+hDv4uL.jpg, https://m.media-amazon.com/images/I/41O0I9AyqBL.jpg, https://m.media-amazon.com/images/I/51l-GaQ17qL.jpg, https://m.media-amazon.com/images/I/51oLACCMOJL.jpg, https://m.media-amazon.com/images/I/61mxM0++n8L.jpg","{""Is Discontinued By Manufacturer"": ""No"", ""Product Dimensions"": ""2.4 x 2.4 x 6.89 inches; 13.62 Ounces""}","The image shows a black bottle of M-Hair Loss Shampoo with a pump dispenser, labeled as ""thehair mother cellar"" and containing 30","No., No., Yes., Yes., No., No., No., Yes.","No., No., No., No., No., No., No., Yes.","Yes., Yes., Yes., Yes., Yes., Yes., Yes., Yes.","unsure, indoor, indoor, indoor, unsure, indoor, Award, Indoor","1, 6, 1, 1, 2, 8, 0, 1","Black, White, Black, White, Black, Black, Blue, White",8
"Back Bath Brush with Long Bamboo Handle, Lifetop Back Body Scrubber Exfoliates Dry Skin Shower Brush, Natural Bristle",4.1,"https://m.media-amazon.com/images/I/41Zi-AfzPML.jpg, https://m.media-amazon.com/images/I/31A-rF9G6CL.jpg, https://m.media-amazon.com/images/I/41iEiaCJRHL.jpg, https://m.media-amazon.com/images/I/416pfgzr5XL.jpg, https://m.media-amazon.com/images/I/41-us+47VXL.jpg, https://m.media-amazon.com/images/I/41J+e16hbRL.jpg, https://m.media-amazon.com/images/I/41oitvW2K7L.jpg, https://m.media-amazon.com/images/I/41ZdsLIj4ML.jpg","{""Material"": ""Bamboo"", ""Brand"": ""Lifetop"", ""Power Source"": ""Hand_powered"", ""Product Benefits"": ""Softening,Pores,Exfoliating"", ""Operation Mode"": ""Manual"", ""Is Discontinued By Manufacturer"": ""No"", ""Package Dimensions"": ""17.64 x 3.03 x 2.44 inches; 5.61 Ounces"", ""Item model number"": ""BBB-1pcs"", ""UPC"": ""704529512913"", ""Manufacturer"": ""lifetop""}","The image shows a wooden back scrubber with a long handle, featuring a rope-wrapped grip and a detachable smaller brush head for detailed cleaning.","No., No., No., Yes., Yes., Yes., Yes., Yes.","No., No., No., No., No., No., No., Yes.","No, Yes., Yes., Yes., Yes., Yes., No, Yes.","indoor, indoor, Indoor, Indoor, bathroom, bathroom, bathroom, bathroom","3, 1, 2, 1, 1, 3, 3, 1","Brown, Brown, Brown, Brown, White, Yellow, White, White",8
"Havtyyise-3 sets of men's and women's bathing exfoliating gloves, bath sponge with handle, loofah set is suitable for deep cleansing of the skin and body dead skin remover (about 31 inches long)",3.9,"https://m.media-amazon.com/images/I/51p3G5zY3RS.jpg, https://m.media-amazon.com/images/I/51xPzc-AjtS.jpg, https://m.media-amazon.com/images/I/514wOnzXmhS.jpg, https://m.media-amazon.com/images/I/41cIxrmA7DS.jpg, https://m.media-amazon.com/images/I/51VMAIqcsDS.jpg, https://m.media-amazon.com/images/I/51sx90x9XhS.jpg, https://m.media-amazon.com/images/I/5188wXhGQsS.jpg","{""Is Discontinued By Manufacturer"": ""No"", ""Product Dimensions"": ""30.71 x 3.35 x 9.06 inches; 8.78 Ounces""}","The image shows a person using a long, blue back scrubber to clean their back while standing with soapy water on their skin.","Yes., Yes., Yes., No., Yes., Yes., No.","Yes., No., No., No., No., No., No.","No, Yes., Yes., Yes., Yes., Yes., No","bathroom, bathroom, Indoor, bathroom, bathroom, bathroom, bathroom","3, 2, 1, 3, 3, 3, 3","Blue, Blue, Blue, Blue, Blue, Blue, Blue",7
"WXJ13 Heatless Hair Curler with Soft Pearl Cotton Filling, Women Heatless Curling Ribbon, No Heat Curling Headband, Heatless Curls Headband Ribbon, Heatless Hair Curler with Hair Clip & Scrunchies",3.1,"https://m.media-amazon.com/images/I/51e-M3B5sNL.jpg, https://m.media-amazon.com/images/I/41zyKLwVOwL.jpg, https://m.media-amazon.com/images/I/51RB0yg7f1L.jpg, https://m.media-amazon.com/images/I/51QG7e+puJL.jpg, https://m.media-amazon.com/images/I/41PoImpPnoL.jpg, https://m.media-amazon.com/images/I/51fUkFFHL9L.jpg, https://m.media-amazon.com/images/I/51lXJAsEe1L.jpg","{""Item Form"": ""Clip"", ""Hair Type"": ""Curly"", ""Material"": ""Silk"", ""Brand"": ""WXJ13"", ""Unit Count"": ""1.00 Count"", ""Package Dimensions"": ""10.43 x 9.17 x 3.54 inches; 5.93 Ounces""}","The image shows two satin hair rollers, one blue and one pink, with black clips, alongside a person with long, wavy blonde hair.","Yes., No., Yes., No., No., Yes., Yes.","No., No., Yes., No., No., Yes., Yes.","No, No, Yes., Yes., Yes., No, Yes.","indoor, indoor, Indoor, Indoor, Unsure, indoor, Indoor","5, 1, 3, 1, 4, 1, 2","Pink, Pink, Blue, Blue, Pink, Blue, Pink",7
uxcell Metal Woman Hairdressing Hair Hoop Hairhoop Ornament 5Pcs Black,3.0,"https://m.media-amazon.com/images/I/51yDGz5S67L.jpg, https://m.media-amazon.com/images/I/41+2f5YzwoL.jpg, https://m.media-amazon.com/images/I/31s5ApiMRFL.jpg","{""Color"": ""Black"", ""Material"": ""Metal"", ""Brand"": ""Uxcell"", ""Unit Count"": ""5.0 Count"", ""Package Dimensions"": ""5.51 x 4.72 x 1.18 inches; 2.4 Ounces""}","The image depicts a series of overlapping, curved lines that resemble a spiral or a series of interconnected loops, creating a three-dimensional effect.","No., No., No.","No., No., No.","No., No., Yes.","abstract, Indoor, indoor","2, 10, 1","Black, Black, White",3
AISI BEAUTY Kinky Straight Ponytail for Women Yaki Ponytail Extension 24 Inch Long Synthetic Clip in Ponytail Hairpieces for Women(30#),4.5,"https://m.media-amazon.com/images/I/51J++2UfJFS.jpg, https://m.media-amazon.com/images/I/51tWYOfGvWL.jpg, https://m.media-amazon.com/images/I/51zWHE18CdL.jpg, https://m.media-amazon.com/images/I/51QpvvB6bQL.jpg, https://m.media-amazon.com/images/I/51LL9AnFyHL.jpg, https://m.media-amazon.com/images/I/41UYJlhqOrL.jpg, https://m.media-amazon.com/images/I/51F1AjjZfAL.jpg","{""Material"": ""Human Hair"", ""Hair Type"": ""Wavy, Curly"", ""Brand"": ""AISI BEAUTY"", ""Age Range (Description)"": ""Adult"", ""Style"": ""Modern"", ""Package Dimensions"": ""9.21 x 7.01 x 2.64 inches; 4.06 Ounces""}","The image shows a person with long, straight, brown hair styled into a high ponytail, wearing a green knitted sweater and smiling.","Yes., No., No., No., Yes., No., No.","Yes., No, No., No., Yes., No., No.","No, Yes., Yes., Yes., Yes., Yes., No","indoor, Unsure, Unsure, Unsure, indoor, Unsure, unsure","2, 1, 1, 1, 2, 1, 2","Brown, Brown, Brown, Brown, Brown, Brown, Brown",7
"Yepei Human Hair Ponytail Extension Long Natural Curly Wave Black Drawstring Pony Tail Real Hair Pieces For Women Or Girl Wrap Around Clip In Weave Ponytails 150g (20 inch, Black)",3.8,"https://m.media-amazon.com/images/I/51DjIRafQfL.jpg, https://m.media-amazon.com/images/I/51S32DdfXaL.jpg, https://m.media-amazon.com/images/I/51PK-WOuk7L.jpg, https://m.media-amazon.com/images/I/51EmmdAElWL.jpg, https://m.media-amazon.com/images/I/51-m1he6gjL.jpg","{""Brand"": ""YePei"", ""Extension Length"": ""20 Inches"", ""Hair Type"": ""Curly"", ""Material Feature"": ""Natural"", ""Installation Type"": ""Clip-In, weave"", ""Package Dimensions"": ""12 x 10 x 2.4 inches; 9.59 Ounces""}","The image shows a person with long, curly black hair styled in a high ponytail, alongside a close-up of the same hair in a loose, wavy","Yes., No., No., No., No.","Yes., No., No., No., No.","No, Yes., Yes., Yes., Yes.","indoor, indoor, indoor, Unsure, indoor","2, 1, 4, 3, 1","Black, Black, Black, Black, Black",5
"Professional Stainless Steel Ingrown Toe Nail Correction Tool Pedicure Tool,Ingrown Toe Nail Correction Kit,Professional Toe Nail Care Pedicure &Manicure Corrector Tool,ingrown toenail correction tool",3.6,"https://m.media-amazon.com/images/I/51SJ05y+p5L.jpg, https://m.media-amazon.com/images/I/41dFvYWnNCL.jpg, https://m.media-amazon.com/images/I/61O08XERdLL.jpg, https://m.media-amazon.com/images/I/51BhjOs6nxL.jpg, https://m.media-amazon.com/images/I/51YZkitDypL.jpg, https://m.media-amazon.com/images/I/51xDTB-cXLL.jpg, https://m.media-amazon.com/images/I/41CFA8J-dWL.jpg, https://m.media-amazon.com/images/I/51mY3WEFFIL.jpg, https://m.media-amazon.com/images/I/51SJ05y+p5L.jpg","{""Is Discontinued By Manufacturer"": ""No"", ""Product Dimensions"": ""5.91 x 3.94 x 1.97 inches; 1.59 Ounces""}","The image shows a small, metallic tool set neatly arranged inside a silver case with a black foam insert.","No., No., No., No., No., No., Yes., No., No.","No., No, No., No., No., No., No., No., No.","No, Yes., No., No, No, No, No., No, No","indoor, indoor, indoor, indoor, indoor, indoor, indoor, Indoor, indoor","1, 1, 3, 1, 1, 1, 1, 2, 1","Gray, Gold, Silver, Silver, Silver, Gray, Silver, Black, Gray",9
Barber Sponge Brush Double Side 2 Different Wave Sizes 2 PC,4.2,"https://m.media-amazon.com/images/I/41cdPlBr-EL.jpg, https://m.media-amazon.com/images/I/51QJj-IRz8L.jpg, https://m.media-amazon.com/images/I/41zTcNV1L2L.jpg, https://m.media-amazon.com/images/I/41gs-rFla0L.jpg","{""Is Discontinued By Manufacturer"": ""No"", ""Package Dimensions"": ""5.39 x 2.99 x 2.52 inches; 2.4 Ounces"", ""UPC"": ""099461002227""}","The image shows two foam brushes with a textured surface and a red stripe around the middle, designed for cleaning or polishing purposes.","No., No., No., No.","No., No., No., No.","No., No., No., No.","indoor, indoor, indoor, indoor","1, 1, 2, 2","Gray, Gray, Black, Gray",4
"Naked Nails Refills Replacement Parts Buffers, Files & Shines",4.5,https://m.media-amazon.com/images/I/41iYHhv12bL.jpg,"{""Is Discontinued By Manufacturer"": ""No"", ""Package Dimensions"": ""9.37 x 4.65 x 1.34 inches; 1.45 Ounces"", ""UPC"": ""767131530010"", ""Manufacturer"": ""Naked Nails""}","The image shows a package of the Naked Nails 10 PC Refill Kit, which includes attachments for filing, buffing, and shining nails, designed",No.,No.,Yes.,indoor,1,Purple,1
MowigLux Afro Bomb Kinky Curly Wigs with Bangs for Black Women Short Afro Synthetic Hair Wig Large Bouncy and Soft Natural Looking,3.4,"https://m.media-amazon.com/images/I/516HdggOGOL.jpg, https://m.media-amazon.com/images/I/41q9k2w31CL.jpg, https://m.media-amazon.com/images/I/51dIoeRX5FL.jpg, https://m.media-amazon.com/images/I/41I9T43yczL.jpg, https://m.media-amazon.com/images/I/51BfGpq6TBL.jpg, https://m.media-amazon.com/images/I/41j7YCr+x0L.jpg","{""Material"": ""Synthetic"", ""Hair Type"": ""Curly, Afro Kinky Curly"", ""Brand"": ""MowigLux"", ""Age Range (Description)"": ""Adult"", ""Style"": ""African"", ""Package Dimensions"": ""13.11 x 9.21 x 3.74 inches; 5.61 Ounces"", ""UPC"": ""789605966682""}","The image features a person with voluminous, curly hair wearing a white top and gold hoop earrings, set against a plain background.","Yes., No., Yes., No., Yes., Yes.","Yes., No., Yes., No., No., Yes.","No, Yes., Yes., Yes., Yes., No","indoor, indoor, indoor, indoor, Indoor, Indoor","2, 3, 1, 1, 1, 2","Black, Black, Black, Black, Black, Green",6
"KEMEISI 1PC Diamond Shape UV Rainbow Plastic Handle Simpe Generous Brush Size 2,4,6,8,10,12 (#02)",2.8,"https://m.media-amazon.com/images/I/41nkDZzdu0L.jpg, https://m.media-amazon.com/images/I/518lfRIJtFL.jpg, https://m.media-amazon.com/images/I/41V7Q3wrw6L.jpg, https://m.media-amazon.com/images/I/51pofnxL78L.jpg, https://m.media-amazon.com/images/I/414tmqZqDwL.jpg, https://m.media-amazon.com/images/I/318rsLwCqpL.jpg, https://m.media-amazon.com/images/I/413l-DPqQAL.jpg","{""Product Dimensions"": ""6.3 x 0.39 x 0.39 inches; 0.32 Ounces"", ""UPC"": ""761344253940""}","The image shows a colorful, iridescent paintbrush with a metallic ferrule and a clear plastic handle, alongside its protective sleeve.","No., No., No., No., No., No., No.","No., No., No., No., No., No., No.","No, Yes., No, No, Yes., Yes., Yes.","indoor, indoor, indoor, Indoor, unsure, unsure, indoor","3, 7, 1, 2, 1, 2, 2","Purple, Purple, Purple, Pink, Purple, Purple, White",7
"FACE Atelier Ultra Foundation Pro, Zero Plus Plus",1.0,"https://m.media-amazon.com/images/I/314Z6Dfgu7L.jpg, https://m.media-amazon.com/images/I/31BXNRrn+-L.jpg","{""Item Form"": ""Liquid"", ""Skin Type"": ""All"", ""Finish Type"": ""Dewy"", ""Package Information"": ""Bottle"", ""Brand"": ""FACE atelier"", ""Is Discontinued By Manufacturer"": ""No"", ""Package Dimensions"": ""3.8 x 1.1 x 1.1 inches; 0.63 Ounces"", ""UPC"": ""882839112150""}","The image shows a small black bottle labeled ""FACEatelier Ultra Foundation Pro"" with a clear pump dispenser on top.","No., No.","No., No.","Yes., No","unsure, unsure","1, 1","Black, Brown",2
"Clear Essence Specialist Skin Care Body Oil, 8 Ounce - Soothing Body Moisturizer and Toner",4.4,"https://m.media-amazon.com/images/I/31j2x60LrwL.jpg, https://m.media-amazon.com/images/I/31mO17GjtDL.jpg, https://m.media-amazon.com/images/I/51majieT2sL.jpg, https://m.media-amazon.com/images/I/41InK+cKg6L.jpg","{""Brand"": ""Clear Essence"", ""Scent"": ""Lavender,Rosemary"", ""Item Form"": ""Cream"", ""Unit Count"": ""8.0 Ounce"", ""Number of Items"": ""1"", ""Is Discontinued By Manufacturer"": ""No"", ""Product Dimensions"": ""0.39 x 0.39 x 0.39 inches; 8.8 Ounces"", ""Item model number"": ""CE10"", ""UPC"": ""793379258423 737192202805""}","The image shows a bottle of ""Platinum Specialist Skincare Body Oil"" with a label indicating it is for repairing uneven skin tone, moisturizing dry areas,","No., No., No., No.","No., No., No., No.","Yes., Yes., Yes., Yes.","unsure, unsure, outdoor, Indoor","1, 1, 1, 1","Pink, Orange, Yellow, White",4
"Emirde Black Liquid double-headed Winged Eyeliner Pens, Smooth Liquid Quick Makeup Wing Cat Eye Stamp, Long Lasting Waterproof & Smudgeproof Eyeliner",4.1,"https://m.media-amazon.com/images/I/31Ti0q+Th8L.jpg, https://m.media-amazon.com/images/I/41WyKWkGnzL.jpg, https://m.media-amazon.com/images/I/41UxT51GnBL.jpg, https://m.media-amazon.com/images/I/41pH5ft03jL.jpg, https://m.media-amazon.com/images/I/41iFHz+YPmL.jpg, https://m.media-amazon.com/images/I/31vGrVfW5AL.jpg, https://m.media-amazon.com/images/I/31mMbK-C3iL.jpg, https://m.media-amazon.com/images/I/41FqsY87MXL.jpg","{""Brand"": ""Emirde"", ""Item Form"": ""liquid"", ""Special Feature"": ""Waterproof, Long lasting"", ""Product Benefits"": ""Long Lasting"", ""Number of Items"": ""1"", ""Package Dimensions"": ""5.28 x 0.87 x 0.71 inches; 0.32 Ounces""}","The image shows a black eyeliner pen with the brand name ""HANDAYAN"" and the text ""Seal eyeliner"" on it, along with a","No., No., No., No., No., No., No., No.","No., No., No., No., Yes., No., No., No.","Yes., Yes., Yes., Yes., Yes., Yes., Yes., Yes.","product, indoor, indoor, indoor, indoor, indoor, indoor, indoor","1, 2, 2, 1, 2, 1, 2, 4","Black, Black, Black, Black, Brown, Black, Black, Black",8
Sydney Girls Stretch Headband (Brown),5.0,"https://m.media-amazon.com/images/I/41rKAyRIUXL.jpg, https://m.media-amazon.com/images/I/51q85Mg7m0L.jpg","{""Material"": ""Silk flower, Cotton"", ""Brand"": ""Funny Girl Designs"", ""Unit Count"": ""1.00 Count"", ""Department"": ""Girls""}","The image shows a brown fabric headband adorned with a decorative flower made of layered petals in shades of brown and beige, featuring a central rhinestone accent.","No., Yes.","No., Yes.","No, No","unsure, indoor","1, 2","Brown, White",2
Remington R7130XLP Men's Shaver,5.0,https://m.media-amazon.com/images/I/41jXrf9ywjL.jpg,"{""Product Dimensions"": ""7 x 3 x 4 inches; 1.4 Pounds"", ""Item model number"": ""R7130XLP"", ""Department"": ""Shaving and Hair Removal"", ""UPC"": ""074590507041"", ""Manufacturer"": ""Fesco Distributors, Inc.""}","The image shows a black electric shaver with three rotating heads and a sleek, ergonomic design.",No.,No.,Yes.,unsure,1,Black,1
"Suave for Men Body Wash, Sport Recharge - 12oz. (Pack of 4)",4.5,"https://m.media-amazon.com/images/I/41pA0UTLHIL.jpg, https://m.media-amazon.com/images/I/41jZcnYIG0L.jpg","{""Item Form"": ""Gel"", ""Skin Type"": ""Sensitive"", ""Brand"": ""Suave"", ""Scent"": ""Fresh"", ""Age Range (Description)"": ""Adult"", ""Is Discontinued By Manufacturer"": ""No"", ""Product Dimensions"": ""3 x 8.3 x 5.5 inches; 1.32 Pounds"", ""Item model number"": ""SG_B01663ASGU_US"", ""UPC"": ""079400853202"", ""Manufacturer"": ""Suave""}","The image shows a bottle of Suave Men Sport Recharge body wash, featuring a dark blue design with a red and black lightning bolt graphic.","No., No.","No., No.","Yes., Yes.","unsure, unsure","1, 1","Blue, Blue",2
reskin TS Propolis Serum Even Skin-tone Moisture Care,5.0,"https://m.media-amazon.com/images/I/315TcCiNbbL.jpg, https://m.media-amazon.com/images/I/41Deo5RmXhL.jpg, https://m.media-amazon.com/images/I/41u5q7-GQLL.jpg","{""Package Dimensions"": ""4.8 x 1.3 x 1.3 inches; 1.6 Ounces""}","The image shows a bottle of TS Propolis Serum, which is described as calming, pore minimizing, and nourishing by the brand Reskin.","No., No., Yes.","No., No., No.","Yes., Yes., No","unsure, unsure, indoor","1, 1, 1","White, Gray, Skin tone",3
"Dienalls Nail Art, Nail Decoration Kits 48Colors Nail Decals Decorations Accessories Stuff, Heart Sequins+Splarkly Snowflake Flake+Glitter Letter+Resin Dried Flowers+3D Nail Art Brush Dotting Pens",4.0,"https://m.media-amazon.com/images/I/61Trg-8n2eL.jpg, https://m.media-amazon.com/images/I/61phvq4sBfL.jpg, https://m.media-amazon.com/images/I/51yEDUedK7L.jpg, https://m.media-amazon.com/images/I/517bAO25V2L.jpg, https://m.media-amazon.com/images/I/51b3z9stgtL.jpg, https://m.media-amazon.com/images/I/51Bu-OO6TNL.jpg, https://m.media-amazon.com/images/I/416-LGI8wPL.jpg","{""Product Dimensions"": ""10 x 7 x 0.8 inches; 4.16 Ounces""}","The image shows a set of colorful nail art sequins arranged in a clear box, accompanied by a pink nail art brush.","No., Yes., No., Yes., Yes., No., Yes.","No., Yes., No., No., No., No., Yes.","No, Yes., Yes., Yes., Yes., Yes., No","Unsure, indoor, indoor, indoor, indoor, Unsure, Indoor","4, 12, 1, 1, 1, 1, 2","Purple, Pink, Pink, Red, White, Blue, Pink",7
NLCAC Beaded Headband for Women Handmade Beaded Evil Eye Embroidered Knotted Turban Headband Statement Wide Fabric Hairband Headdress Hair Accessories (Black),3.4,"https://m.media-amazon.com/images/I/51RltFiFdSL.jpg, https://m.media-amazon.com/images/I/51rOxKrs8LL.jpg, https://m.media-amazon.com/images/I/51o1iENVpRL.jpg, https://m.media-amazon.com/images/I/51j7XyYSSIL.jpg","{""Material"": ""Polyester, Cloth, Plastic, Cotton"", ""Brand"": ""NLCAC"", ""Item Form"": ""Wrap"", ""Unit Count"": ""1.00 Count"", ""Package Dimensions"": ""6 x 6 x 0.6 inches; 1.98 Ounces""}","The image shows an ornate headband with intricate beadwork and a black and gold color scheme, featuring a decorative pattern that includes silver and gold beads.","No., No., No., No.","No., No, No., No","No, No, No, No","unsure, unsure, indoor, indoor","1, 1, 1, 1","Black, Black, Black, Black",4
"Miss U Hair 20""/50cm 110g Long Curl/wavy Clip in Hair Extensions 5Clips Women Synthetic Hairpiece Accessories (Purple)",4.6,https://m.media-amazon.com/images/I/51KHJHXhAwL.jpg,"{""Brand"": ""Miss u hair"", ""Material"": ""Synthetic"", ""Extension Length"": ""20 Inches"", ""Hair Type"": ""Curly"", ""Installation Type"": ""Clip-In"", ""Is Discontinued By Manufacturer"": ""No"", ""Package Dimensions"": ""3.66 x 2.56 x 0.69 inches; 3.84 Ounces"", ""Item model number"": ""W3-A05"", ""UPC"": ""794168186347 604697942744""}","The image shows two extensions of curly, dark purple hair with clips attached for easy installation.",No.,No.,No,unsure,2,Purple,1
"African Pride Black Castor Miracle Hold and Cover Edges Black, 2.25 oz",3.7,https://m.media-amazon.com/images/I/41VdhE0n6BL.jpg,"{""Item Form"": ""Gel"", ""Brand"": ""African Pride"", ""Number of Items"": ""1"", ""Unit Count"": ""1.00 Count"", ""Product Dimensions"": ""3 x 3 x 1.25 inches; 3.21 Ounces""}","The image shows a container of African Pride Black Castor Miracle Hold & Cover Edges, which is a growth protection formula designed to prevent flakes and is non-g",No.,No.,Yes.,unsure,1,Gold,1
Philips Norelco T970 Accu-Vac Beard and Moustache Trimmer,3.3,"https://m.media-amazon.com/images/I/31NWWEC1CHL.jpg, https://m.media-amazon.com/images/I/515MZTEQT4L.jpg, https://m.media-amazon.com/images/I/51S5B70PEEL.jpg, https://m.media-amazon.com/images/I/51C18D0X1JL.jpg, https://m.media-amazon.com/images/I/51G7WF3YBSL.jpg, https://m.media-amazon.com/images/I/51QH4F2V3TL.jpg","{""Package Dimensions"": ""9.7 x 6 x 4.6 inches; 1.58 Pounds"", ""Item model number"": ""T970"", ""UPC"": ""075020189707"", ""Manufacturer"": ""Philips Norelco""}","The image shows an electric trimmer with a vacuum feature, designed for grooming and hair removal, branded as ""AccuVac"" by Philips Norelco","No., No., No., No., Yes., No.","No., No., No., No., Yes., No.","Yes., Yes., No., Yes., No., No.","indoor, indoor, indoor, Indoor, indoor, industrial","1, 1, 1, 1, 1, 1","Gray, Blue, Blue, Blue, Blue, Blue",6
QTHAIR Brazilian Body Wave Human Hair Bundles 16 18 20 300g Natural Black Brazilian Weave Human Hair Bundles Brazilian Virgin Hair For African Americans Women,5.0,"https://m.media-amazon.com/images/I/51iHyiXwN9L.jpg, https://m.media-amazon.com/images/I/51gyOtzY8PL.jpg, https://m.media-amazon.com/images/I/61PbObTN6FL.jpg, https://m.media-amazon.com/images/I/61AOx7Ih+gL.jpg, https://m.media-amazon.com/images/I/51Y3pbbBpLL.jpg, https://m.media-amazon.com/images/I/517FCQ1i-TL.jpg, https://m.media-amazon.com/images/I/61nfRz+XeVL.jpg, https://m.media-amazon.com/images/I/51l167F8m+L.jpg, https://m.media-amazon.com/images/I/51FWD53hkFL.jpg","{""Brand"": ""QTHAIR"", ""Color"": ""black"", ""Material"": ""Human Hair"", ""Hair Type"": ""Wavy"", ""Material Feature"": ""Natural"", ""Is Discontinued By Manufacturer"": ""No"", ""Product Dimensions"": ""12 x 5 x 5 inches; 11.82 Ounces""}","The image shows a person wearing a blue baseball cap and holding a bundle of black, wavy hair extensions.","Yes., Yes., No., Yes., Yes., No., No., No., No.","Yes., No., No., No., No., No., Yes., No., No.","No, Yes., Yes., Yes., Yes., Yes., Yes., Yes., Yes.","indoor, indoor, indoor, Indoor, indoor, indoor, Indoor, indoor, Indoor","2, 3, 4, 1, 3, 1, 10, 2, 3","Black, Black, Black, Black, Black, Black, Pink, Black, Black",9
